"id","name","rating","source","raw_solution_field"
"P_6a8725db","Shifts and Swaps","3100","2003hangzhou","413"
"P_7cac6825","Grid Coloring","2400","2017xian","193"
"P_0bf0da11","Red Light, Green Light (Hard version)","2200","2009hangzhou","778"
"P_4c514279","Red Light, Green Light (Easy version)","1700","2018chengdu","663"
"P_d538033f","Make It Beautiful","1300","2010chongqing","707"
"P_8c2a60e3","Make It Permutation","1200","2019wuhan","884"
"P_a3ca8394","Equal Subsequences","800","2008shenzhen","788"
"P_a4fd5725","Incessant Rain","2500","2007chengdu","889"
"P_f1462b71","Omg Graph","1900","2001beijing","485"
"P_660f83f2","Wildflower","1800","2006shenzhen","648"
"P_d4214cfe","Lost Soul","1600","2013chongqing","173"
"P_fd346c50","Retaliation","1200","2007shenzhen","904"
"P_ee9ddea4","Cool Partition","1200","2018chongqing","690"
"P_4fdf9fad","Shrink","800","2007chengdu","392"
"P_d030ca87","False Alarm","800","2001xian","385"
"P_f6308596","Gellyfish and Baby's Breath","1300","2010chengdu","472"
"P_26ed8702","Gellyfish and Tricolor Pansy","800","2012guangzhou","121"
"P_156f0668","Gellyfish and Lycoris Radiata (Hard Version)","3500","2002shenzhen","862"
"P_9b2518be","Gellyfish and Lycoris Radiata (Easy Version)","3500","2001chongqing","505"
"P_95fb6cc3","Gellyfish and Mayflower","3500","2002nanjing","646"
"P_334f7562","Gellyfish and Forget-Me-Not","2900","2004nanjing","319"
"P_5e161e07","Gellyfish and Eternal Violet","2700","2015nanjing","137"
"P_e09a7a61","Gellyfish and Camellia Japonica","2100","2003wuhan","637"
"P_c8ba5ead","Gellyfish and Flaming Peony","1500","2010shanghai","769"
"P_3414890e","Build an Array","2200","2015chongqing","827"
"P_4a614fa5","Small Operations","2000","2000hangzhou","616"
"P_0f76ed21","Kirei Attacks the Estate","1400","2014nanjing","678"
"P_3735973d","Come a Little Closer","1400","2019chongqing","806"
"P_edadb429","Need More Arrays","1000","2009chongqing","448"
"P_9d210e31","Not Quite a Palindromic String","900","2003hangzhou","877"
"P_fc78b59f","Square Year","800","2011chongqing","507"
"P_346df98c","Two Arrays","2500","2009shanghai","789"
"P_71ba98f1","From Kazan with Love","2800","2016beijing","628"
"P_d6c3a7a1","Cheater","2200","2014chongqing","351"
"P_15a68d68","Smilo and Minecraft","1700","2003guangzhou","561"
"P_cfd92256","Good Start","1200","2006guangzhou","342"
"P_1e17c4ef","Shashliks","800","2013nanjing","592"
"P_d2b9edf7","Divisible Subarrays","2900","2006chengdu","481"
"P_5959b3fe","Puzzle","2400","2002nanjing","44"
"P_f9c002e8","Changing the String","1900","2008guangzhou","22"
"P_b315aefa","Creating a Schedule","1400","2012xian","224"
"P_36a4f502","Equal Values","1100","2015wuhan","231"
"P_aa0fa687","Fibonacci Cubes","1100","2019shanghai","604"
"P_35f289be","Energy Crystals","800","2020shanghai","523"
"P_7068554e","Faculty","2400","2006nanjing","561"
"P_fd55912d","Melody","2300","2010wuhan","900"
"P_22706ceb","Fewer Batteries","1700","2006shanghai","305"
"P_21a39250","Racing","1400","2016xian","416"
"P_bc85d5a6","Down with Brackets","900","2001nanjing","809"
"P_e5162135","Fashionable Array","800","2006shenzhen","757"
"P_b0bb16c5","Penguin Steps","3000","2015shenzhen","915"
"P_f86ce45f","Binary String Wowee","2400","2015guangzhou","208"
"P_8c47e3da","D/D/D","1900","2003wuhan","181"
"P_dd406a14","Hacking Numbers (Hard Version)","2600","2015nanjing","603"
"P_65cf1bed","Hacking Numbers (Medium Version)","1700","2000xian","964"
"P_0cbb5021","Hacking Numbers (Easy Version)","1500","2012beijing","888"
"P_4913befc","Slice to Survive","1200","2003chengdu","99"
"P_90393450","It's Time To Duel","800","2017shenzhen","332"
"P_dfd11e09","Fallen Towers","2900","2001chongqing","114"
"P_4a9ddc77","Spruce Dispute","2600","2004hangzhou","867"
"P_3a383ad5","Needle in a Numstack","2200","2002xian","879"
"P_2ddf8dfe","Neo's Escape","1500","2009hangzhou","229"
"P_7e87e139","SUMdamental Decomposition","1300","2005shenzhen","630"
"P_19b1cdd4","Permutation Warm-Up","800","2019chongqing","422"
"P_01ba8a3e","Cycling (Hard Version)","2800","2019shanghai","540"
"P_ac26e937","Cycling (Easy Version)","2300","2010shenzhen","503"
"P_73883383","Ain and Apple Tree","2600","2005chengdu","834"
"P_70dc9f35","Apple Tree Traversing","2100","2006xian","904"
"P_4e05cf37","Maximum Subarray Sum","1500","2000xian","918"
"P_449abd06","Apples in Boxes","1100","2019chengdu","663"
"P_dd33e23d","LRC and VIP","800","2019chengdu","240"
"P_6f520158","Baudelaire (hard version)","2500","2011nanjing","231"
"P_16782446","Baudelaire (easy version)","2200","2001nanjing","268"
"P_9c3ee8ee","Goblin","1900","2006wuhan","973"
"P_4fd64361","Wolf","1800","2012xian","214"
"P_97629548","Flower Boy","1500","2002xian","637"
"P_69bc0087","Cherry Bomb","1000","2009wuhan","954"
"P_7abc92bd","St. Chroma","900","2018chongqing","123"
"P_326102ba","Dr. TC","800","2003beijing","228"
"P_67c1c34a","Modulo 3","2700","2020guangzhou","374"
"P_8a861914","Numbers and Strings","2600","2004chengdu","376"
"P_70a84eb3","Unpleasant Strings","1700","2014chengdu","287"
"P_e57f2680","Array and GCD","1400","2002wuhan","958"
"P_bedc27dc","Card Game","1100","2001nanjing","983"
"P_b5142243","Move to the End","1000","2018shenzhen","105"
"P_5775c159","Three Decks","800","2002beijing","768"
"P_e183d951","Maximize Nor","2600","2018wuhan","465"
"P_0cbcddf9","Keep the Sum","2600","2016beijing","275"
"P_9fd91b47","Local Construction","2000","2011nanjing","3"
"P_d7e4939a","Median Splits","1600","2018nanjing","175"
"P_47495b84","Binary Typewriter","1100","2014chengdu","648"
"P_d7089519","Common Multiple","800","2013hangzhou","314"
"P_41ed1571","The Picky Cat","900","2011chengdu","215"
"P_adbacbd8","Dinner Time","900","2020beijing","102"
"P_63ba612a","Shoo Shatters the Sunshine","3300","2009shanghai","245"
"P_347c9af7","Kia Bakes a Cake","3100","2000shenzhen","106"
"P_06d1b48e","Mani and Segments","2500","2020guangzhou","636"
"P_d015b342","23 Kingdom","2200","2011xian","762"
"P_5de451b1","Quartet Swapping","1800","2014chongqing","693"
"P_70d3d159","Mex in the Grid","1300","2010hangzhou","838"
"P_89d0dc43","Sasha and the Apartment Purchase","1400","2004shenzhen","76"
"P_7709a581","Vadim's Collection","800","2008chongqing","721"
"P_8b2c07d5","Lost Luggage","3500","2013beijing","903"
"P_645eafb3","Clearing the Snowdrift","3100","2016shenzhen","845"
"P_5e820b26","Homework","2800","2008wuhan","927"
"P_3b456048","Bermuda Triangle","2400","2016shenzhen","870"
"P_6ae67d09","Baggage Claim","2300","2001wuhan","150"
"P_4bf31618","Sports Betting","1400","2017guangzhou","288"
"P_1c6ee9c3","Wonderful XOR Problem","3200","2011shanghai","973"
"P_77f52418","Wonderful Guessing Game","3200","2013chongqing","388"
"P_034a5847","Wonderful Impostors","3100","2001hangzhou","921"
"P_85612005","Wonderful Teddy Bears","2400","2011hangzhou","11"
"P_a611d246","Wonderful Lightbulbs","2000","2008chengdu","266"
"P_f3ce6323","Wonderful City","1700","2013beijing","568"
"P_a12c6258","Wonderful Gloves","1100","2008chengdu","282"
"P_863a76b1","Wonderful Sticks","800","2020shenzhen","560"
"P_b05ac0cd","La Vaca Saturno Saturnita","1900","2014shenzhen","308"
"P_1e74e72d","Chimpanzini Bananini","1700","2002hangzhou","992"
"P_adf5a9fb","Trulimero Trulicina","1600","2016xian","875"
"P_c5cf3274","Boneca Ambalabu","1200","2004hangzhou","57"
"P_1ea39fc1","Tung Tung Sahur","1100","2003wuhan","184"
"P_b7058c32","Brr Brrr Patapim","900","2013xian","993"
"P_e88024b4","Bobritto Bandito","800","2009guangzhou","630"
"P_553fa999","Trippi Troppi","800","2005chengdu","737"
"P_ffafe642","Shorten the Array","1900","2007nanjing","989"
"P_6e6ddc26","Hackers and Neural Networks","1800","2008wuhan","824"
"P_c26d22de","Min Max MEX","1500","2002shenzhen","278"
"P_96c43883","Skibidi Table","1400","2017guangzhou","592"
"P_1f69edff","Simple Repetition","1000","2007hangzhou","447"
"P_32ad8a28","Expensive Number","900","2019xian","711"
"P_81d9f9bc","Ideal Generator","800","2008chengdu","237"
"P_0f04f199","Andryusha and CCB","2900","2010chengdu","108"
"P_9c4b19d3","She knows...","2100","2014beijing","195"
"P_257d863d","Mishkin Energizer","1800","2018chengdu","561"
"P_00aa509a","Asuna and the Mosquitoes","1200","2006hangzhou","871"
"P_7cc5c179","Lady Bug","1000","2006guangzhou","140"
"P_c9772b1f","Kamilka and the Sheep","800","2011chongqing","749"
"P_0c6d8073","Gleb and Boating","2300","2007guangzhou","275"
"P_61e17a69","Igor and Mountain","1800","2000nanjing","829"
"P_55c2b2ba","Interesting Ratio","1300","2017hangzhou","779"
"P_5a401d12","Place of the Olympiad","1200","2019guangzhou","233"
"P_a8ef7bce","Combination Lock","1000","2002guangzhou","750"
"P_479271f7","Team Training","800","2019hangzhou","388"
"P_a62de441","Olympiad Date","800","2011guangzhou","818"
"P_10711ece","Dining Hall","1700","2003wuhan","945"
"P_f2186b5a","Pushing Balls","1000","2015shenzhen","495"
"P_3944b169","Treasure Hunt","800","2020chongqing","371"
"P_23930213","Black Cat Collapse","3500","2009shanghai","905"
"P_a793ec5b","Conditional Operators","3200","2005wuhan","681"
"P_9dac9148","Key of Like (Hard Version)","3100","2001chengdu","80"
"P_975b94fe","Key of Like (Easy Version)","2200","2000nanjing","686"
"P_4b69196f","Canteen (Hard Version)","2300","2016beijing","164"
"P_e1dea31c","Canteen (Easy Version)","1900","2005shanghai","7"
"P_a88ec3b7","Simple Permutation","1700","2001shenzhen","295"
"P_42792b2a","Online Palindrome","3000","2020hangzhou","529"
"P_ddf4c6f6","Zebra-like Numbers","2400","2009shenzhen","985"
"P_68182ede","Even String","1700","2020guangzhou","53"
"P_aa29240b","Disappearing Permutation","1300","2019xian","551"
"P_6ed549cf","Large Array and Segments","1100","2010xian","957"
"P_1ea09057","Cloudberry Jam","800","2009chengdu","456"
"P_526e48e2","Serval and Colorful Array (Hard Version)","2900","2020hangzhou","96"
"P_51335fa1","Serval and Colorful Array (Easy Version)","2600","2005shenzhen","883"
"P_4bbf37b3","Serval and Modulo","2200","2018shanghai","271"
"P_e7dedc81","Serval and Kaitenzushi Buffet","2000","2011nanjing","834"
"P_f294f3d4","Serval and The Formula","1600","2001chongqing","816"
"P_f43a1cbf","Serval and Final MEX","1200","2017wuhan","247"
"P_4bbd7b43","Serval and String Theory","900","2017chongqing","787"
"P_3992b5c2","Turtle and Nediam 2","3500","2013chengdu","462"
"P_3f7d08ae","Wish Upon a Satellite (Hard Version)","3500","2003chengdu","678"
"P_0cb094ac","Wish Upon a Satellite (Easy Version)","2600","2009guangzhou","858"
"P_f7574903","Skyscape","2900","2019chongqing","488"
"P_e5129832","Blossom","2400","2005shenzhen","826"
"P_002f22c1","Arcology On Permafrost","1600","2018xian","732"
"P_60eb98cd","You Soared Afar With Grace","1400","2009nanjing","151"
"P_99671995","MIN = GCD","1100","2020chengdu","897"
"P_296f1bac","Max and Mod","800","2001shenzhen","258"
"P_0e867827","Floor or Ceil","1600","2007hangzhou","965"
"P_94709f60","Binary Matrix","800","2002hangzhou","665"
"P_942b2ae6","Hard Formula (Hard Version)","3400","2017beijing","668"
"P_b0c459ab","Hard Formula","3100","2014shenzhen","345"
"P_346b221a","Hot Matrix","3300","2015shanghai","367"
"P_b8e54130","Quantifier","3300","2019wuhan","667"
"P_83dfd3b7","MST in Modulo Graph","2600","2014chongqing","650"
"P_2f643975","Quaternary Matrix","2700","2000beijing","552"
"P_799a1a04","Balancing","2500","2002beijing","549"
"P_b6b45f19","Math Division","1800","2010wuhan","430"
"P_c2514a6a","Order Statistics","3400","2001xian","396"
"P_9a46b373","Card Flip","2300","2005guangzhou","566"
"P_c240d1e7","Best Runner","1700","2018shenzhen","88"
"P_5529faa9","Strong Connectivity Strikes Back","3200","2018chongqing","661"
"P_49d01ba3","Cute Subsequences","1800","2015nanjing","351"
"P_0b6c9917","Dreaming Is Not Harmful","2300","2000guangzhou","973"
"P_b623d54d","Arithmetic Exercise","2600","2000wuhan","739"
"P_9aca53c9","Alice, Bob, And Two Arrays","3300","2018chongqing","312"
"P_e0b3ddb3","Scammy Game Ad","1800","2017shanghai","44"
"P_8f67cc31","Vicious Labyrinth","1100","2018shenzhen","456"
"P_66bbd406","Final Verdict","800","2002shanghai","986"
"P_c5e1a295","RGB Walking","3500","2006wuhan","368"
"P_3f713f32","AND x OR","3300","2007xian","932"
"P_4554a573","Another Folding Strip","2700","2000wuhan","501"
"P_6eb20249","Maximum Polygon","3100","2014chongqing","850"
"P_99987a2e","Binary Subsequence Value Sum","2300","2006wuhan","890"
"P_5b5ae8b3","Finding OR Sum","1900","2001guangzhou","957"
"P_a30a8636","Breach of Faith","1500","2003beijing","71"
"P_93324890","Beautiful Sequence Returns","3000","2014xian","41"
"P_f177793f","XOR Matrix","2500","2015chengdu","80"
"P_89f34171","Equalization","2000","2017beijing","905"
"P_60e565a8","Two Colors","1500","2011nanjing","850"
"P_6856284c","Array Recoloring","1300","2006chengdu","618"
"P_ddfdc7f5","To Zero","800","2005beijing","235"
"P_762e7f50","Game With Triangles: Season 2","2100","2008wuhan","710"
"P_79f4d55b","Counting Necessary Nodes","2000","2005hangzhou","737"
"P_e399689a","Empty Triangle","1600","2013guangzhou","496"
"P_2aadeca6","Counting Points","1400","2008nanjing","281"
"P_fa9ae1b5","XOR and Triangle","1100","2012hangzhou","337"
"P_7dbfe563","The Third Side","800","2000shenzhen","963"
"P_4d4b0ec0","Draw a Square","800","2005chengdu","23"
"P_ac5d3cff","Can You Reach There?","3300","2010beijing","507"
"P_71bfd0b8","Boarding Queue","1300","2019shenzhen","849"
"P_70e57919","Book Sorting","2900","2009hangzhou","379"
"P_7b22efd1","Gathering Sharks","2000","2014nanjing","174"
"P_e3f16508","Squares on Grid Lines","3100","2010hangzhou","456"
"P_d36ec08e","Secret Lilies and Roses","2700","2000shenzhen","505"
"P_3e4f8fc4","Corrupted File","2200","2006wuhan","709"
"P_bbc8be86","Hold the Star","3500","2011chongqing","588"
"P_a8b34a6d","Minus Operator","3300","2005chongqing","14"
"P_ce63b91c","Tower of Hanoi","2400","2015shenzhen","812"
"P_804a9bbb","Cactus Connectivity","2700","2014wuhan","238"
"P_a905ddb2","Three-Dimensional Embedding","3500","2000chengdu","229"
"P_37e9066c","Control Towers","1900","2002hangzhou","19"
"P_a90f2a6f","I've Been Flipping Numbers for 300 Years and Calculated the Sum","2200","2003hangzhou","13"
"P_5090e5d4","Goodbye, Banker Life","1700","2013shanghai","639"
"P_dc7f3d4e","Do You Love Your Hero and His Two-Hit Multi-Target Attacks?","1500","2008hangzhou","961"
"P_b28188e6","For Wizards, the Exam Is Easy, but I Couldn't Handle It","1300","2002nanjing","359"
"P_eb332d24","Creating Keys for StORages Has Become My Main Skill","1200","2019chongqing","637"
"P_014be30b","Having Been a Treasurer in the Past, I Help Goblins Deceive","900","2004chengdu","641"
"P_49b6c2fa","New World, New Me, New Array","800","2006hangzhou","572"
"P_d9be641d","Towering Arrays","2700","2007shenzhen","762"
"P_62fd5a36","LeaFall","2600","2007chongqing","740"
"P_4af3f3b1","Infinite Sequence (Hard Version)","2500","2012beijing","316"
"P_732c4757","Infinite Sequence (Easy Version)","1800","2005beijing","901"
"P_be8089bf","Trapmigiano Reggiano","1700","2010guangzhou","307"
"P_c8df0c53","Perfecto","1100","2015beijing","232"
"P_ba7a78cd","The Play Never Ends","800","2000shenzhen","840"
"P_e500c68c","Friends and Pizza","3000","2019xian","490"
"P_a3b0a1a0","Game with Binary String","2200","2001hangzhou","72"
"P_959fb1de","Tree Jumps","1600","2004wuhan","559"
"P_f40f34eb","Limited Repainting","1500","2011chongqing","665"
"P_c7411d60","Robot Program","1100","2008chengdu","407"
"P_d5203163","FizzBuzz Remixed","800","2001hangzhou","353"
"P_91a0175e","Graph Inclusion","2800","2012chengdu","809"
"P_c0e6cb03","A, B, AB and BA","2300","2016chengdu","206"
"P_d8adf2e4","Palindrome Shuffle","1800","2007hangzhou","635"
"P_94af17ba","Beautiful Sequence","1500","2012shanghai","584"
"P_7c7ea0e9","Set of Strangers","1200","2012hangzhou","928"
"P_39e5a552","Was there an Array?","800","2010wuhan","596"
"P_6b3bbce7","Amusement Park Rides","3000","2020shenzhen","939"
"P_a474f11e","The Ultimate Wine Tasting Event","2000","2019shanghai","620"
"P_4279d575","Pinball","3500","2013wuhan","235"
"P_0f0b570e","Statues","2700","2000hangzhou","264"
"P_c2cbfe22","A Very Long Hike","3500","2010beijing","569"
"P_6045b285","Mascot Naming","1900","2015chongqing","157"
"P_1edb1ed0","Porto Vs. Benfica","2800","2016wuhan","787"
"P_39ec19d8","Morse Code","3100","2007shenzhen","75"
"P_bdcce1cd","Ads","2100","2013hangzhou","871"
"P_e84f84ee","Urban Planning","3100","2018beijing","599"
"P_ff6a9a20","Condorcet Elections","2300","2011wuhan","442"
"P_08c463f2","Devyatkino","1500","2014shenzhen","546"
"P_fb66f18e","Two Large Bags","1200","2008xian","611"
"P_bc345238","Adjacent Digit Sums","800","2007beijing","840"
"P_fe7c45b5","Curse","3300","2019wuhan","175"
"P_ea2e2b9b","Tropical Season","3300","2001beijing","154"
"P_19038f22","Club of Young Aircraft Builders (hard version)","2900","2020chongqing","732"
"P_0dc8b176","Club of Young Aircraft Builders (easy version)","2400","2001shanghai","650"
"P_ef5204cc","Bitwise Slides","2300","2012beijing","394"
"P_35c895d8","White Magic","1900","2014shanghai","16"
"P_0e1aad40","Object Identification","1400","2001hangzhou","923"
"P_0d7e107d","Bro Thinks He's Him","2200","2020nanjing","560"
"P_f59a79d2","Skibidus and Capping","1700","2001wuhan","567"
"P_b5f71468","Skibidus and Slay","1700","2007nanjing","990"
"P_3b8d2382","Skibidus and Rizz","1600","2005shenzhen","370"
"P_e6f88ed6","Skibidus and Sigma","1200","2019xian","185"
"P_95327ec1","Skibidus and Fanum Tax (hard version)","1300","2004wuhan","98"
"P_25ff8eaf","Skibidus and Fanum Tax (easy version)","1100","2007guangzhou","725"
"P_38e6100e","Skibidus and Ohio","800","2000shenzhen","85"
"P_8a714f13","Skibidus and Amog'u","800","2009chengdu","629"
"P_80218828","We Be Summing","2600","2012shanghai","407"
"P_beb8c50a","Mycraft Sand Sort","2400","2018guangzhou","257"
"P_916d33fb","Eating","1900","2014beijing","873"
"P_24f182fe","Remove the Ends","1300","2011wuhan","738"
"P_b66b192d","Variety is Discouraged","1100","2008chongqing","772"
"P_3998ea5a","Brogramming Contest","800","2020guangzhou","312"
"P_8df10394","Counting Is Not Fun (Hard Version)","2700","2020shenzhen","785"
"P_97247684","Counting Is Not Fun (Easy Version)","2400","2019chongqing","370"
"P_a43fceaa","Triangle Tree","2300","2019xian","366"
"P_89d6174d","Game With Triangles","2000","2006chengdu","184"
"P_f9ec9df2","Remove Exactly Two","1600","2011wuhan","700"
"P_b216f34f","Subsequence Update","1100","2006beijing","375"
"P_d03a7b5b","Minimal Coprime","800","2003nanjing","311"
"P_f655337a","Galaxy Generator","3500","2012shenzhen","713"
"P_d8322e2d","Permutation Factory","3500","2007xian","370"
"P_e9f8b87e","Traveling Salescat","2900","2006nanjing","482"
"P_d3a90c80","The Game (Hard Version)","3000","2003xian","604"
"P_e3e7ed46","The Game (Easy Version)","2000","2001shanghai","287"
"P_0600a03c","Balanced Tree","2200","2010nanjing","829"
"P_aa95f0fa","Cirno and Operations","1200","2011xian","777"
"P_47679676","Clockwork","900","2010hangzhou","658"
"P_ba2549f3","String","800","2009shanghai","298"
"P_735eac35","Kevin and Nivek","3500","2003nanjing","275"
"P_2ea77124","Kevin and Stones (Hard Version)","3500","2001chongqing","488"
"P_6d3c66a3","Kevin and Stones (Easy Version)","3500","2016chengdu","112"
"P_adda30cb","Kevin and Teams","2900","2002chongqing","467"
"P_5bb16c1c","Kevin and Binary String (Hard Version)","3500","2001xian","695"
"P_8dcdd61a","Kevin and Binary String (Easy Version)","2100","2001guangzhou","330"
"P_f58dba93","Kevin and And","2000","2005hangzhou","383"
"P_edd5a654","Kevin and Numbers","1600","2014chongqing","564"
"P_42bea018","Kevin and Puzzle","1600","2005wuhan","815"
"P_6518eb96","Kevin and Geometry","1100","2012shanghai","754"
"P_8bc6fe1a","Kevin and Arithmetic","800","2007wuhan","445"
"P_f312ddef","Bugged Sort","2400","2010shenzhen","180"
"P_85de0590","Multiplicative Arrays","2200","2020beijing","218"
"P_8dc8c194","Graph Composition","1500","2016hangzhou","326"
"P_e19e302a","Subtract Min Sort","1100","2012beijing","208"
"P_04c2e106","Game of Mathletes","900","2009chongqing","650"
"P_46f24521","Farmer John's Card Game","1000","2009chongqing","786"
"P_2d10bacd","Fibonacciness","800","2001beijing","264"
"P_e533ae5b","Stop Gaming (Hard Version)","2900","2016shanghai","763"
"P_c4106197","Stop Gaming (Easy Version)","2500","2019xian","882"
"P_a4b890b7","Graph and Graph","1900","2018shenzhen","921"
"P_c81ba465","Customer Service","1600","2019wuhan","574"
"P_1a322e53","Cost of the Array","1300","2019chongqing","627"
"P_1cec68b0","Milya and Two Arrays","800","2017shanghai","525"
"P_a70e15ae","Coffee Break","3500","2013shanghai","51"
"P_3c89ede5","Secret Message","3000","2019wuhan","475"
"P_fa224f90","Formation","3300","2018shenzhen","64"
"P_19818f71","Another Exercise on Graphs (hard version)","2500","2002shanghai","625"
"P_fd933e55","Another Exercise on Graphs (Easy Version)","2300","2006shanghai","996"
"P_d37a6b18","Gifts Order","2000","2002wuhan","409"
"P_0d05c5ab","Trip to the Olympiad","1500","2008beijing","560"
"P_5344ed2b","Gorilla and the Exam","1000","2004beijing","905"
"P_518cbecf","MEX Table","800","2010wuhan","21"
"P_b64fd65c","Xor of Median (Hard Version)","3000","2018hangzhou","114"
"P_1bf091c2","Xor of Median (Easy Version)","2700","2014chongqing","491"
"P_f5ccf60c","Nested Segments","2500","2016shenzhen","722"
"P_a700e340","Unique Median","2200","2018beijing","798"
"P_b8dcd5de","Palindromic Subsequences","1200","2005shenzhen","567"
"P_a20ca069","Find the Permutation","1300","2019beijing","786"
"P_ecb3477e","Shape Perimeter","800","2019xian","76"
"P_8efc4754","Cosmic Divide","3200","2018chongqing","196"
"P_eb434c4d","Haystacks","2800","2001beijing","222"
"P_840d5bec","Scarecrow","2000","2009xian","138"
"P_f86ed4a2","The Trail","1400","2001chongqing","225"
"P_095b724c","Crafting","1000","2019beijing","424"
"P_1f597034","Two Frogs","800","2019beijing","782"
"P_63a453c3","Affectionate Arrays (Hard Version)","3500","2006xian","144"
"P_27e85536","Affectionate Arrays (Easy Version)","2800","2001shanghai","340"
"P_c0e0c42e","Delicate Anti-monotonous Operations","3500","2017wuhan","776"
"P_cf50d25f","Naive String Splits","3400","2015hangzhou","166"
"P_050b408f","Earnest Matrix Complement","2600","2019nanjing","292"
"P_7d360562","Resourceful Caterpillar Sequence","1900","2013chongqing","18"
"P_ec33a035","Refined Product Optimality","1700","2001chengdu","548"
"P_c324fd8f","Bewitching Stargazer","1500","2018guangzhou","124"
"P_c15cfb82","Outstanding Impressionist","1200","2008hangzhou","415"
"P_cff0eb01","Tender Carpenter","800","2011wuhan","195"
"P_8ed4e9c2","Managing Cluster","2700","2005shanghai","67"
"P_14b3a4f8","Legacy Screensaver","2900","2009wuhan","367"
"P_35c484f9","Knowns and Unknowns","2800","2007hangzhou","545"
"P_a57df84c","Judicious Watching","2000","2019shanghai","919"
"P_5af53605","Incompetent Delivery Guy","2800","2012shenzhen","767"
"P_5aaac982","Hunting Hoglins in Hogwarts","3500","2006beijing","581"
"P_d7bebd69","Geometric Balance","2800","2004guangzhou","825"
"P_56257edb","Fix Flooded Floor","1700","2006nanjing","957"
"P_e82ef65c","Expression Correction","1900","2008shanghai","924"
"P_71578000","DAG Serialization","2100","2018shenzhen","952"
"P_854cee69","Cactus without Bridges","3500","2014shenzhen","212"
"P_78e411c3","BitBitJump","2400","2014shanghai","783"
"P_aa85f822","Adrenaline Rush","1600","2004shenzhen","868"
"P_2baac04d","Snakes","2100","2008beijing","431"
"P_f3c5b42c","Joker","2000","2006xian","537"
"P_47090b16","Best Price","1600","2015hangzhou","209"
"P_99c73252","Counting Pairs","1200","2006chongqing","71"
"P_be2383d3","Preparing for the Exam","1000","2016chengdu","701"
"P_dc59dab4","Journey","800","2010guangzhou","138"
"P_dcebd41c","Preparing for the Olympiad","800","2006shenzhen","752"
"P_17bda834","Tree Destruction","1900","2011chongqing","890"
"P_92396812","Maximum modulo equality","1700","2017chongqing","957"
"P_f6fba019","Three Strings","1500","2008nanjing","13"
"P_13753975","Digital string maximization","1300","2012wuhan","487"
"P_24066531","Uninteresting Number","1200","2017hangzhou","354"
"P_1f9075bf","Transfusion","1100","2009shanghai","742"
"P_f9fca3bc","Line Breaks","800","2011guangzhou","286"
"P_53122e9c","MEX OR Mania","2700","2006chengdu","523"
"P_21759e95","Broken Queries","2400","2016xian","735"
"P_1b797c05","Shift + Esc","1900","2009shanghai","304"
"P_ee6f021a","MEX Cycle","1500","2019nanjing","799"
"P_cdb76874","pspspsps","1300","2007guangzhou","462"
"P_ee250970","MEX Destruction","800","2008nanjing","994"
"P_eb733773","Kevin and Puzzle (Hard Version)","3500","2005shenzhen","687"
"P_83b2423c","Kevin and Puzzle (Easy Version)","3500","2010shenzhen","257"
"P_3053c5f9","Kevin and Strange Operation","3100","2012chengdu","291"
"P_7b991853","Kevin and Matrices","2800","2002shenzhen","604"
"P_d749c524","Kevin and Math Class","2500","2012guangzhou","254"
"P_77924f80","Kevin and Bipartite Graph","2000","2010shenzhen","525"
"P_d818d634","Kevin and Competition Memories","1600","2000wuhan","603"
"P_d8638515","Kevin and Binary Strings","1200","2001chengdu","987"
"P_1eac8eb0","Kevin and Permutation","900","2013wuhan","13"
"P_06799667","Kevin and Combination Lock","800","2009beijing","725"
"P_db67021d","Replace Character","900","2004xian","834"
"P_25cac3fb","Alyona and a Square Jigsaw Puzzle","800","2010wuhan","961"
"P_6cd352a9","Yandex Cuneiform (Hard Version)","3500","2012hangzhou","222"
"P_972439f7","Yandex Cuneiform (Easy Version)","3300","2020nanjing","881"
"P_691d7048","Cheops and a Contest (Hard Version)","3500","2012shanghai","565"
"P_b992bddf","Cheops and a Contest (Easy Version)","2900","2005shanghai","816"
"P_4f1d4a53","For the Emperor!","3100","2014beijing","313"
"P_482a28f1","Adventurers","2100","2015wuhan","845"
"P_2555a4ed","Move Back at a Cost","1600","2015chongqing","54"
"P_3e03403c","Swap Columns and Find a Path","1200","2019chengdu","596"
"P_4ac05407","Mirror Maze","1800","2015chongqing","340"
"P_efdcaa5f","Buggy DFS","3000","2007nanjing","120"
"P_399c2a7c","GCDDCG","2900","2004guangzhou","502"
"P_3e3be2cb","Xorderable Array","2600","2017nanjing","284"
"P_f8556c05","Microwavable Subsequence","2100","2003wuhan","663"
"P_af2dc6f3","Missing Separators","2200","2019xian","317"
"P_b1a5417d","X Aura","2200","2017hangzhou","102"
"P_ade5625d","Grid Game 3-angle","3000","2002shenzhen","566"
"P_72832f6c","Narrower Passageway","2700","2020nanjing","131"
"P_8c7a2210","Aquatic Dragon","3500","2010shenzhen","196"
"P_7f67abda","Saraga","1400","2009guangzhou","613"
"P_57fa3415","ICPC Square","2000","2000nanjing","601"
"P_354cab2a","Scrambled Scrabble","1700","2001guangzhou","164"
"P_a2ab57eb","Hard Demon Problem","2100","2003chongqing","79"
"P_9dc0b8e4","Medium Demon Problem (hard version)","1900","2020xian","682"
"P_31c881b4","Medium Demon Problem (easy version)","1700","2019shanghai","118"
"P_f7344a52","Easy Demon Problem","1900","2007shenzhen","919"
"P_84df4cf5","Insane Problem","1300","2020shenzhen","874"
"P_edff055d","Harder Problem","1100","2020wuhan","391"
"P_348b1ca0","Hard Problem","800","2016beijing","56"
"P_f81882c5","Normal Problem","800","2004wuhan","149"
"P_f9e8ea56","Easy Problem","800","2002hangzhou","996"
"P_13282f81","Problem with Queries","3000","2001shenzhen","799"
"P_252b1ff2","Nim","2700","2008hangzhou","539"
"P_f61f2d7b","Matrix Transformation","2300","2019shenzhen","1"
"P_b2406fed","Problem about GCD","1800","2005hangzhou","116"
"P_77a6d556","Sums on Segments","1600","2012beijing","914"
"P_0c6e6d2e","Digits","1100","2018wuhan","93"
"P_60ef53b3","Coin Transformation","800","2013xian","516"
"P_af9cdf66","Two Subarrays","2600","2013chengdu","322"
"P_e1bd078e","Vertex Pairs","2900","2011chongqing","234"
"P_49fa319f","Recommendations","1900","2011guangzhou","223"
"P_7fa4f4e8","Competitive Fishing","1800","2000nanjing","913"
"P_ac82f830","Game with Colored Marbles","900","2015nanjing","283"
"P_d502975d","Greedy Monocarp","800","2017xian","908"
"P_fc284c31","Railway Construction","3300","2006chengdu","842"
"P_ab5548cc","Selection Sort","2000","2004hangzhou","178"
"P_9c59560c","Building Castle","2900","2015nanjing","417"
"P_9cc4596f","Trophic Balance Species","3100","2015shenzhen","706"
"P_5b30d931","Bottle Arrangement","2700","2009shanghai","871"
"P_43aface4","Auto Complete","2300","2013guangzhou","891"
"P_17fe8f74","Sheet Music","2300","2019xian","378"
"P_5845fed5","Grid Game","3100","2000hangzhou","506"
"P_9efc0390","Segmentation Folds","2400","2007xian","140"
"P_4966d64a","Beautiful Array","1200","2014beijing","770"
"P_845dec67","Drunken Maze","1700","2001shanghai","299"
"P_38e44537","Cube","2000","2018shenzhen","543"
"P_34d9ce6f","Bowling Frame","1200","2009shanghai","810"
"P_ba88d671","The Bento Box Adventure","1300","2017beijing","378"
"P_c6ac835f","Number of Cubes","2700","2019xian","695"
"P_8a074af8","Control of Randomness","2100","2003shenzhen","376"
"P_803391dc","Non Prime Tree","1900","2012shenzhen","618"
"P_9f6a8c84","Ordered Permutations","1600","2013nanjing","393"
"P_fb6240b1","Paint a Strip","1000","2002hangzhou","343"
"P_5d741b8c","Game of Division","800","2014wuhan","986"
"P_b971df7f","Cool Swap Walk (Hard Version)","3500","2004chengdu","318"
"P_6caf23c0","Cool Swap Walk (Easy Version)","3500","2020shenzhen","460"
"P_9c04e2a0","Shohag Loves Pebae","3500","2017guangzhou","303"
"P_a5c47c07","Shohag Loves Counting (Hard Version)","3200","2020beijing","153"
"P_5685f255","Shohag Loves Counting (Easy Version)","2800","2004shanghai","721"
"P_15ec5d40","Shohag Loves Inversions","2200","2009chengdu","379"
"P_3455a7f5","Shohag Loves GCD","1700","2018hangzhou","596"
"P_f4d5eaad","Shohag Loves XOR (Hard Version)","1800","2014nanjing","396"
"P_fdc71a7d","Shohag Loves XOR (Easy Version)","1200","2006hangzhou","343"
"P_71eafc4c","Shohag Loves Strings","1000","2000chongqing","610"
"P_40d07032","Shohag Loves Mod","800","2006guangzhou","329"
"P_59fcef47","Fixing the Expression","800","2003hangzhou","763"
"P_519af5f1","Royal Flush","2800","2009nanjing","439"
"P_01895a34","Bridge Renovation","1400","2019nanjing","645"
"P_9ccfcd84","Grid Walk","2100","2013chongqing","494"
"P_b76aa9a1","Waiting for...","800","2020chengdu","105"
"P_3193212d","Polyathlon","2500","2001xian","476"
"P_f9387a5d","Galactic Council","3000","2008hangzhou","180"
"P_d39d326d","Guess One Character","1900","2000hangzhou","56"
"P_9a44030b","Alternative Platforms","2500","2003shanghai","411"
"P_bb6b2f9e","Barrels","2900","2002chengdu","239"
"P_50756420","Divide OR Conquer","2400","2004hangzhou","734"
"P_8a2a27d8","DIY","1400","2014nanjing","689"
"P_64aaa7be","Make It Equal","2100","2016nanjing","319"
"P_dade42f6","Bonus Project","1400","2010shanghai","491"
"P_7e66e162","Natlan Exploring","2000","2007beijing","939"
"P_53bff64f","Ardent Flames","2100","2016wuhan","775"
"P_5c3f31dd","Kachina's Favorite Binary String","1600","2016xian","789"
"P_c192390a","Sharky Surfing","1300","2013beijing","452"
"P_a88dd18d","Superultra's Favorite Permutation","1000","2010chongqing","592"
"P_74c85514","Intercepted Inputs","800","2002wuhan","844"
"P_6ee79941","Twice","800","2009chongqing","121"
"P_6422621e","Library of Magic","2200","2001chengdu","36"
"P_194b8c3b","XORificator 3000","1900","2020guangzhou","513"
"P_fb1ec626","Reverse the Rivers","1600","2018shanghai","38"
"P_52ae508c","I Love 1543","1300","2000shanghai","70"
"P_0a8d1184","Anya and 1100","1100","2006xian","640"
"P_d97561d9","Startup","800","2004wuhan","549"
"P_f1b8b8e9","Quintomania","800","2012wuhan","275"
"P_92f3c795","Peak Productivity Forces","3500","2001beijing","560"
"P_7b814d54","Go Learn! (Hard Version)","3500","2017chengdu","969"
"P_6a146c42","Go Learn! (Easy Version)","3300","2003hangzhou","630"
"P_4eeba5b5","Tree Operations","2500","2006nanjing","67"
"P_d24bf68e","Monster","2300","2011chongqing","16"
"P_e06c15c0","Yet Another Real Number Problem","1800","2002nanjing","500"
"P_68687b0a","Alya and Permutation","1400","2010beijing","984"
"P_6786237c","Everyone Loves Tres","900","2015shenzhen","538"
"P_eac828b7","Sliding","800","2020hangzhou","143"
"P_bcc9a365","Rayan vs. Rayaneh","3300","2017nanjing","63"
"P_2dc3cb1c","Simurgh's Watch (Hard Version)","3500","2002xian","709"
"P_48f54ac5","Simurgh's Watch (Easy Version)","3500","2020shanghai","384"
"P_1b7aaeb8","Khayyam's Royal Decree (Hard Version)","2800","2008shanghai","524"
"P_68fa689a","Khayyam's Royal Decree (Easy Version)","2500","2005guangzhou","415"
"P_2ddc70c3","Permutations Harmony","2200","2005beijing","112"
"P_1e13cfb2","Darius' Wisdom","1600","2013hangzhou","42"
"P_64ebc9c6","Trapped in the Witch's Labyrinth","1400","2000chengdu","55"
"P_61ccae79","Rakhsh's Revival","1000","2002shenzhen","812"
"P_d72975d9","King Keykhosrow's Mystery","800","2005wuhan","641"
"P_acec588c","Sakurako and Chefir","2200","2005guangzhou","342"
"P_51636751","Kosuke's Sloth","1800","2001beijing","866"
"P_1e85c7d3","Sakurako, Kosuke, and the Permutation","1400","2006hangzhou","193"
"P_5a5d4db4","Kousuke's Assignment","1300","2016nanjing","1"
"P_451a25f1","Sakurako's Field Trip","1400","2013shanghai","424"
"P_38d4ad80","Sakurako and Water","900","2017shenzhen","636"
"P_2f0751d8","Sakurako and Kosuke","800","2008guangzhou","573"
"P_89fff31d","Peanuts","2700","2008xian","467"
"P_b89e0dbb","Balanced","2400","2004hangzhou","604"
"P_3a8eb232","Genokraken","1800","2014chengdu","149"
"P_95fb8596","Trinity","1400","2014beijing","459"
"P_a7e376c8","Medians","1100","2000beijing","673"
"P_693a2c68","Circuit","800","2020guangzhou","260"
"P_122b175c","Penchick and Even Medians","2800","2018shanghai","679"
"P_a245557a","Penchick and Chloe's Trees","2100","2004chengdu","410"
"P_26fdba1c","Penchick and Desert Rabbit","1700","2014chongqing","401"
"P_9b9b2c58","Penchick and BBQ Buns","1300","2012chengdu","932"
"P_9b33288d","Penchick and Satay Sticks","900","2018beijing","794"
"P_36fa70ea","Penchick and Modern Monument","800","2013hangzhou","171"
"P_9d4227f3","The Destruction of the Universe (Hard Version)","3100","2016chengdu","135"
"P_8d856631","The Destruction of the Universe (Easy Version)","2900","2003nanjing","611"
"P_43f84bdc","Orangutan Approved Subarrays","2400","2017nanjing","508"
"P_2406beb1","MEXimize the Score","2200","2015chengdu","841"
"P_ee27b4bf","QED's Favorite Permutation","1700","2005wuhan","959"
"P_2b8f777f","A TRUE Battle","1100","2001shenzhen","203"
"P_32fea06f","Minimise Oneness","800","2005chengdu","647"
"P_fe61bffd","A Gift From Orangutan","800","2002wuhan","40"
"P_e1947d4c","Variance Challenge","3400","2007shanghai","166"
"P_f7f8dc02","Message Spread","3500","2006guangzhou","54"
"P_172cfa4a","Balanced Problem","3000","2005xian","996"
"P_88a12c2e","Palindrome Everywhere","2500","2000chongqing","950"
"P_10fa6072","Common Generator","2100","2018beijing","845"
"P_77361bf1","Cool Graph","1900","2012xian","381"
"P_ee506c52","New Rating","1700","2006shanghai","683"
"P_f14fa349","Replacement","1100","2012beijing","702"
"P_b21d6c5a","Set","800","2007shenzhen","215"
"P_b93286f1","Alice's Adventures in Addition","2700","2012chongqing","521"
"P_bf4c033e","Alice's Adventures in the Rabbit Hole","2300","2020hangzhou","574"
"P_dd515af6","Alice's Adventures in Cards","2000","2011hangzhou","119"
"P_e3d7198a","Alice's Adventures in Cutting Cake","1600","2002chongqing","751"
"P_0ecca662","Alice's Adventures in Permuting","1400","2009chengdu","973"
"P_b50f0771","Alice's Adventures in ''Chess''","900","2020shanghai","933"
"P_5c49707c","Bit Game (Hard Version)","3100","2011chongqing","112"
"P_9b46ff8c","Bit Game (Easy Version)","2800","2020chongqing","389"
"P_7d13cce5","The Endspeaker (Hard Version)","2200","2000wuhan","276"
"P_f4eb8d89","The Endspeaker (Easy Version)","1700","2019hangzhou","920"
"P_6a24f317","Add Zeros","1500","2013shenzhen","471"
"P_d8846a31","Stalin Sort","1100","2009guangzhou","171"
"P_909b2b2f","Rectangle Arrangement","800","2002shenzhen","561"
"P_228a3c1c","Bermart Ice Cream","2700","2005shanghai","39"
"P_64b08d0c","Best Subsequence","2500","2009chongqing","602"
"P_d304d8b6","Sums of Segments","1900","2012hangzhou","94"
"P_6dd5b547","Action Figures","1500","2000hangzhou","300"
"P_247b9562","Black Cells","1300","2010shanghai","970"
"P_7d48288c","Perpendicular Segments","900","2008beijing","496"
"P_609c9776","Variable Damage","3000","2011chongqing","95"
"P_3b2f4a75","Choose Your Queries","2700","2002shanghai","174"
"P_ad112a93","Card Game","2200","2015nanjing","348"
"P_d2fcf7a9","Attribute Checks","1800","2003wuhan","993"
"P_a9480a8b","New Game","1300","2002hangzhou","749"
"P_28e5608b","Binomial Coefficients, Kind Of","1100","2001hangzhou","657"
"P_9906ee98","Two Screens","800","2001beijing","533"
"P_1cd963c1","Buying Lemonade","1100","2015hangzhou","705"
"P_cce71843","Profitable Interest Rate","800","2004guangzhou","78"
"P_d95555b0","Hills and Pits","3500","2015chengdu","213"
"P_efee0e66","Tree of Life","3300","2020beijing","36"
"P_828e60e9","Many Games","2900","2019shenzhen","720"
"P_bf17062d","C+K+S","2400","2013chongqing","698"
"P_a4d88c44","Skipping","1700","2018wuhan","703"
"P_b66fb533","Concatenation of Arrays","1300","2002beijing","883"
"P_997ad6be","Billetes MX (Hard Version)","2600","2005shanghai","310"
"P_b95a36ef","Billetes MX (Easy Version)","2500","2009beijing","584"
"P_2bb653ed","Asesino (Hard Version)","2700","2006xian","321"
"P_c043e879","Asesino (Easy Version)","1900","2005chengdu","690"
"P_47743d06","Gerrymandering","1800","2013shanghai","177"
"P_290e5d98","Kar Salesman","1300","2008shanghai","447"
"P_5297d218","Bus to Pénjamo","800","2007chongqing","676"
"P_b31e4293","Digital Village (Extreme Version)","2800","2000nanjing","75"
"P_25d67494","Digital Village (Hard Version)","2500","2016nanjing","356"
"P_bcbf3905","Digital Village (Easy Version)","2300","2014shenzhen","975"
"P_adbc8266","Boss, Thirsty","2500","2014shanghai","888"
"P_2588b33d","Adjust The Presentation (Hard Version)","1900","2004beijing","253"
"P_cb5ae0ee","Adjust The Presentation (Easy Version)","1300","2000hangzhou","53"
"P_264a06c3","Maximize Mex","1200","2006shanghai","583"
"P_fdbafc36","Meaning Mean","800","2012shenzhen","184"
"P_78f4142b","Count Leaves","2900","2002wuhan","852"
"P_589c6891","Expected Power","2000","2009chengdu","48"
"P_da2c35f6","Connect the Dots","1800","2000shanghai","666"
"P_d732caac","Bitwise Balancing","1400","2005chengdu","538"
"P_6d5e65bc","Brightness Begins","1200","2015shenzhen","598"
"P_2c931193","Find Minimum Operations","800","2007beijing","410"
"P_7bd18ffd","All Pairs Segments","1200","2013shanghai","414"
"P_865314ab","Max Plus Size","800","2018shenzhen","864"
"P_7f3d6d47","Speedbreaker Counting (Hard Version)","3100","2009shenzhen","270"
"P_61313d7a","Speedbreaker Counting (Medium Version)","3000","2006xian","327"
"P_ab769d45","Speedbreaker Counting (Easy Version)","2900","2017hangzhou","441"
"P_96128334","Complex Segments (Hard Version)","3400","2019xian","315"
"P_c44c73be","Complex Segments (Easy Version)","3300","2007xian","257"
"P_5a214634","Max Plus Min Plus Size","2200","2015guangzhou","289"
"P_5c5c5f04","Tree Pruning","1700","2011guangzhou","331"
"P_454437c6","Speedbreaker","1900","2019chengdu","307"
"P_2e0ffad4","Cards Partition","1600","2010guangzhou","366"
"P_817d8d3a","Robin Hood Archery","1900","2019beijing","294"
"P_84a89acf","Milky Days","2200","2019chengdu","458"
"P_3699e099","Sheriff's Defense","2000","2019shanghai","182"
"P_0e91b3b0","Rendez-vous de Marian et Robin","1800","2005shenzhen","437"
"P_9edf5c78","Robert Hood and Mrs Hood","1400","2011wuhan","15"
"P_3a19f412","Robin Hood in Town","1100","2012guangzhou","366"
"P_0c9c7727","Robin Hood and the Major Oak","800","2005chengdu","140"
"P_1ef4781d","Robin Helps","800","2018hangzhou","994"
"P_bc4368eb","Game in Tree (Hard Version)","3500","2000beijing","413"
"P_a01faead","Game in Tree (Easy Version)","2700","2009chongqing","238"
"P_0625eca8","Prefix GCD","2200","2005chengdu","825"
"P_e9888a76","Minimize the Difference","1900","2002shanghai","369"
"P_8066f65c","Password Cracking","1400","2001xian","411"
"P_b5c06be9","Battle for Survive","900","2002guangzhou","990"
"P_47d3c40d","Zhan's Blender","800","2004chongqing","801"
"P_1937475c","Message Transmission Error (hard version)","1700","2019hangzhou","635"
"P_826720ad","Message Transmission Error (easy version)","1400","2010wuhan","891"
"P_0ccbb994","Three Brothers","800","2007beijing","431"
"P_e4b68348","Alternating Sum of Numbers","800","2011wuhan","475"
"P_9d83b6f2","Yunli's Subarray Queries (extreme version)","2700","2000shenzhen","330"
"P_95c96848","Yunli's Subarray Queries (hard version)","2200","2018hangzhou","881"
"P_66b08fc3","Yunli's Subarray Queries (easy version)","1900","2008wuhan","598"
"P_f170bd54","Firefly's Queries","1700","2001shenzhen","269"
"P_3eedb745","Klee's SUPER DUPER LARGE Array!!!","1400","2001wuhan","197"
"P_7a8b2b89","Satyam and Counting","1400","2020nanjing","212"
"P_0865fbbd","The Legend of Freya the Frog","1100","2015shanghai","664"
"P_db12c423","osu!mania","800","2015guangzhou","790"
"P_fa3dfcc3","Minimize!","800","2003beijing","82"
"P_9833990f","Sakurako's Test","2100","2019guangzhou","116"
"P_68a9113e","Sakurako's Task","1800","2006shanghai","329"
"P_2d469755","Sakurako's Box","1400","2005nanjing","734"
"P_0e947cdf","Alternating String","1500","2008shanghai","146"
"P_3d7a8e5a","Sakurako's Hobby","1100","2019shanghai","546"
"P_8d8063fe","Longest Good Array","800","2015xian","593"
"P_213002a1","Square or Not","800","2018guangzhou","961"
"P_c5383e4b","Sakurako's Exam","800","2009xian","223"
"P_2c5145e4","Dora and C++","1500","2013hangzhou","687"
"P_8fdb3fc8","Index and Maximum Value","900","2008wuhan","361"
"P_a5bed3b7","Dora's Set","800","2015shanghai","183"
"P_02187c2b","Dora's Paint","3500","2012hangzhou","978"
"P_c7ac96f9","Iris's Full Binary Tree","3100","2018shenzhen","463"
"P_beb35172","Iris and Adjacent Products","2600","2019beijing","351"
"P_b2068e2b","Eri and Expanded Sets","2300","2004wuhan","449"
"P_5d3acd2b","Iris and the Tree","1800","2006guangzhou","123"
"P_5a4047c5","Iris and Game on the Tree","1700","2017shenzhen","18"
"P_0b1fafe6","Subtangle Game (Hard Version)","2500","2019nanjing","770"
"P_467cb314","Subtangle Game (Easy Version)","2100","2017nanjing","30"
"P_d8029283","Alter the GCD","2400","2002wuhan","571"
"P_68ce3111","Lazy Narek","1800","2005beijing","796"
"P_c524e1c9","The Strict Teacher (Hard Version)","1200","2019nanjing","149"
"P_3e492ae1","The Strict Teacher (Easy Version)","1000","2004guangzhou","60"
"P_a3beb2ad","Simple Palindrome","900","2015chengdu","65"
"P_234e3c68","Substring Compression","3200","2018wuhan","136"
"P_22ed8405","Make a Palindrome","2600","2000shanghai","735"
"P_e560ec89","Not a Nim Problem","2100","2019chongqing","941"
"P_f2074cd7","Colored Portals","1600","2012guangzhou","930"
"P_00ce4668","Splitting Items","1100","2003beijing","551"
"P_29d54757","Game with Doors","1000","2008shenzhen","959"
"P_2b55fccc","Closest Point","800","2005shanghai","247"
"P_535ae504","Turtle and Three Sequences","2800","2019nanjing","706"
"P_901ed727","Turtle and Inversions (Hard Version)","2700","2014chongqing","78"
"P_29fad341","Turtle and Inversions (Easy Version)","2600","2006wuhan","175"
"P_7607c6d3","Turtle and a MEX Problem (Hard Version)","2100","2015beijing","733"
"P_f33f1a4c","Turtle and a MEX Problem (Easy Version)","1500","2002guangzhou","369"
"P_4699d335","Turtle and Good Pairs","1200","2010guangzhou","383"
"P_23729ada","Turtle and Piggy Are Playing a Game 2","800","2013nanjing","380"
"P_0c93ff3b","Turtle and Good Strings","800","2000chongqing","78"
"P_e6590123","Counting 101","3500","2020shenzhen","184"
"P_0e23334b","Lattice Optimizing","3400","2018chongqing","695"
"P_b4e03acc","Court Blue (Hard Version)","2800","2015shenzhen","253"
"P_9b04592d","Court Blue (Easy Version)","2600","2007xian","469"
"P_13b2efb3","Cosmic Rays","2300","2018hangzhou","469"
"P_89054fd1","DFS Checker (Hard Version)","2300","2019nanjing","912"
"P_dd071de5","DFS Checker (Easy Version)","1900","2007chongqing","855"
"P_b153b3e9","Black Circles","1200","2000xian","934"
"P_dba653fc","Removals Game","1000","2004chongqing","197"
"P_a53b509e","Distanced Coloring","800","2008wuhan","405"
"P_7f8b7c3c","Deterministic Heap (Hard Version)","2900","2002chengdu","702"
"P_b873b586","Deterministic Heap (Easy Version)","2400","2019nanjing","433"
"P_e2066d6a","Longest Max Min Subsequence","1900","2005xian","691"
"P_e4427248","Guess The Tree","1500","2012shenzhen","73"
"P_369279e5","Generate Permutation","800","2009nanjing","695"
"P_e66692b8","Make All Equal","800","2018chengdu","111"
"P_305148de","Ksyusha and the Loaded Set","2200","2000shanghai","181"
"P_c0f6bb41","Call During the Journey","2100","2015hangzhou","469"
"P_68bddf9e","Color Rows and Columns","1900","2020guangzhou","978"
"P_64be9b28","Photoshoot for Gorillas","1400","2000shenzhen","600"
"P_eb57b275","Right Left Wrong","1200","2003shanghai","594"
"P_a4ec1489","Numeric String Template","1000","2020beijing","594"
"P_f105cf91","Seating in a Bus","800","2006shanghai","196"
"P_d0721072","Primary Task","800","2020chengdu","179"
"P_6c777723","Ruler (hard version)","1700","2015nanjing","398"
"P_1fe4c335","Ruler (easy version)","1500","2018xian","430"
"P_145793d3","Expected Median","1500","2008shenzhen","53"
"P_7b165501","Triple Operations","1300","2007nanjing","368"
"P_e1f697c5","Slavic's Exam","1100","2013nanjing","780"
"P_a1714fcf","Showering","800","2011hangzhou","922"
"P_5355d3db","Card Game","1000","2004beijing","308"
"P_9c44f93c","A+B Again?","800","2020nanjing","113"
"P_82e88bdf","Eliminating Balls With Merging (Hard Version)","2500","2018hangzhou","296"
"P_bfd98555","Eliminating Balls With Merging (Easy Version)","2200","2007guangzhou","927"
"P_2d5466a7","Determine Winning Islands in Race","2100","2016xian","849"
"P_19856dff","Perform Operations to Maximize Score","1900","2000hangzhou","153"
"P_ce4688fc","Minimize Equal Sum Subarrays","1000","2012wuhan","808"
"P_62b69495","Find K Distinct Points with Fixed Center","800","2014nanjing","458"
"P_ae290b85","Chips on a Line","2700","2011wuhan","592"
"P_55abe4f7","Level Up","2200","2014chongqing","326"
"P_95d090fd","Maximize the Root","1500","2009beijing","115"
"P_c4d8c03e","Even Positions","1100","2005chengdu","455"
"P_6a7bdfd9","Make Three Regions","1100","2017shanghai","926"
"P_0a49722d","Strong Password","800","2006shanghai","126"
"P_7b0e6d8f","Penacony","2200","2011nanjing","346"
"P_da2c0ec0","Bomb","1900","2004shenzhen","374"
"P_33df4133","Decode","1600","2018shanghai","200"
"P_aa6d2f7f","Fun","1500","2005hangzhou","668"
"P_b1128bcc","Sort","1200","2004chengdu","629"
"P_17e3589b","Scale","800","2015shenzhen","56"
"P_98195b99","Legs","800","2008shenzhen","490"
"P_11096cf8","Let Me Teach You a Lesson (Hard Version)","2900","2015nanjing","356"
"P_8023c594","Let Me Teach You a Lesson (Easy Version)","2700","2018guangzhou","631"
"P_bf9814ae","Cases","2300","2016nanjing","555"
"P_016a8a50","Squaring","1800","2019hangzhou","897"
"P_56dee69c","Bouquet (Hard Version)","1700","2002wuhan","666"
"P_2cff826c","Bouquet (Easy Version)","1100","2020hangzhou","781"
"P_798f642b","Diagonals","800","2017hangzhou","599"
"P_1e42f218","Fortnite","3500","2008shenzhen","133"
"P_d0a088b7","Minecraft","2600","2019chengdu","574"
"P_d0fef434","Stardew Valley","2500","2012chengdu","265"
"P_d1de0274","Wooden Game","2000","2013beijing","544"
"P_0cc92818","Funny Game","1900","2016hangzhou","41"
"P_d402b664","Hungry Games","1600","2013guangzhou","397"
"P_dbfae868","Fun Game","1100","2020chengdu","311"
"P_f9c92812","Diverse Game","800","2013nanjing","890"
"P_2934a50e","Dyn-scripted Robot (Hard Version)","2800","2017chengdu","606"
"P_5f23f194","Dyn-scripted Robot (Easy Version)","2400","2003wuhan","875"
"P_eb302e44","Xor-Grid Problem","2700","2015hangzhou","823"
"P_8e03b16e","Med-imize","2200","2018chengdu","856"
"P_4b986053","Light Switches","1400","2007shanghai","316"
"P_984e69d2","Parity and Sum","1100","2013chongqing","298"
"P_f47aec9c","Question Marks","800","2020hangzhou","922"
"P_f3b18c3e","Ultra-Meow","2000","2004wuhan","573"
"P_c31f6a71","Valuable Cards","1900","2007chongqing","261"
"P_8e0daef6","Novice's Mistake","1700","2016guangzhou","895"
"P_3352014a","Test of Love","1200","2012wuhan","165"
"P_f7f83288","Gorilla and Permutation","900","2001chengdu","821"
"P_a633c0dd","Angry Monk","800","2017chongqing","62"
"P_20fa7359","Only Pluses","800","2001nanjing","612"
"P_303743f6","Grid Game","3500","2002nanjing","698"
"P_1d61faa8","Prime Split Game","3300","2015xian","399"
"P_4d56a907","Grid Reset","2700","2013hangzhou","346"
"P_d9ce0d73","Triangle Formation","2200","2017nanjing","492"
"P_1e954abc","Coloring Game","1900","2011chengdu","863"
"P_684027b1","Prime XOR Coloring","1900","2014beijing","277"
"P_098a8df6","Absolute Zero","1300","2010xian","840"
"P_5ac8125c","AND Reconstruction","1100","2009hangzhou","23"
"P_b92d2411","Maximize the Last Element","800","2014beijing","138"
"P_6c317dd9","Polygonal Segments","2800","2015guangzhou","317"
"P_e6a806e4","Catch the Mole(Hard Version)","2600","2008nanjing","802"
"P_2fb5b855","Catch the Mole(Easy Version)","2500","2009chengdu","513"
"P_c51f6db8","Grid Puzzle","1800","2018wuhan","105"
"P_bad0cec8","Mad MAD Sum","1500","2018guangzhou","792"
"P_1fab331f","Array Craft","1200","2001shanghai","238"
"P_48b1ac5a","Submission Bait","900","2009xian","547"
"P_6acd6857","Simultaneous Coloring","3000","2020nanjing","699"
"P_bcd86937","Distance to Different","2300","2017shenzhen","146"
"P_c3c1ecf4","Smithing Skill","1900","2002nanjing","684"
"P_13a1e4f7","Two Movies","1400","2009guangzhou","745"
"P_88fbc860","Substring and Subsequence","1200","2011shenzhen","859"
"P_2cc79f35","Catch the Coin","800","2003beijing","874"
"P_493e2fa8","Heartbeat","3000","2000nanjing","516"
"P_13156f1b","Range Minimum Sum","2300","2016shanghai","44"
"P_509c5195","The Omnipotent Monster Killer","2000","2013guangzhou","529"
"P_8789289f","Increasing Sequence with Fixed OR","1300","2006guangzhou","261"
"P_e372379c","Make Majority","900","2009chongqing","265"
"P_65eb0c77","Split the Multiset","900","2011hangzhou","66"
"P_f078b72e","Fumo Temple","3500","2004nanjing","355"
"P_c8c50a1e","Spinning Round (Hard Version)","3500","2007wuhan","279"
"P_b6cab9d0","Spinning Round (Easy Version)","2900","2016beijing","749"
"P_0597cc1a","Interesting Problem (Hard Version)","2600","2015shenzhen","720"
"P_bbc43d8f","Interesting Problem (Easy Version)","2500","2014nanjing","474"
"P_07f773ff","Wonderful Tree!","2000","2001shenzhen","329"
"P_e7d67485","World is Mine","1800","2006xian","492"
"P_c703cbeb","Basil's Garden","1200","2019wuhan","137"
"P_7a821b2e","K-Sort","1000","2019hangzhou","795"
"P_91bc9064","Upload More RAM","800","2013shenzhen","612"
"P_a0649ff4","Permutation Problem (Hard Version)","2500","2002nanjing","976"
"P_f049ce79","Permutation Problem (Simple Version)","2200","2019shenzhen","739"
"P_d459bf48","Non-academic Problem","1900","2011hangzhou","80"
"P_222b96f1","Beautiful Array","1700","2015xian","137"
"P_c5d6ff06","Mathematical Problem","1400","2009chongqing","155"
"P_265d7862","Update Queries","1100","2010beijing","389"
"P_f37df0ea","Matrix Stabilization","1000","2019wuhan","553"
"P_58aea22f","X Axis","800","2004beijing","573"
"P_ad45a7f7","Maximize the Largest Component (Hard Version)","2200","2000guangzhou","455"
"P_99407dc7","Maximize the Largest Component (Easy Version)","1700","2008wuhan","536"
"P_7d492b59","D-Function","1600","2003shenzhen","75"
"P_f3476c87","Final Boss","1500","2018chengdu","964"
"P_2060fe8d","Secret Box","1200","2011chengdu","133"
"P_1ba1fd7f","Manhattan Circle","900","2000guangzhou","524"
"P_15befa88","Good Prefixes","1000","2007nanjing","518"
"P_d0f8db99","Maximum Multiple Sum","800","2012wuhan","658"
"P_d7176006","Creating Words","800","2008chengdu","870"
"P_f4064eed","Tower Capturing","3300","2014xian","227"
"P_ded14a0a","Magic Trick II","3200","2004xian","621"
"P_4f03b0bd","Reconstruction","2500","2010wuhan","485"
"P_9233fe41","Shuffle","2400","2020xian","191"
"P_9927efa0","''a'' String Problem","2000","2000shenzhen","729"
"P_565df8a3","Magnitude (Hard Version)","1700","2002wuhan","684"
"P_e58789e8","Magnitude (Easy Version)","1300","2003guangzhou","954"
"P_80fc6caa","Large Addition","1100","2001guangzhou","511"
"P_82e3ad09","Strange Splitting","800","2005shanghai","208"
"P_e73aa56f","Your Loss","3000","2011xian","540"
"P_e1d8ccdc","array-value","2500","2009chengdu","237"
"P_18e6f45f","I Love Balls","2300","2017beijing","957"
"P_553628ca","Swap Dilemma","1700","2006shenzhen","564"
"P_a0166c50","Have Your Cake and Eat It Too","1400","2001wuhan","315"
"P_67654a0e","Corner Twist","1200","2000chengdu","397"
"P_9a8bb30c","Array Divisibility","800","2017shenzhen","934"
"P_aad47e88","Sorting Problem Again","2600","2010shenzhen","557"
"P_175a9e9a","Number of k-good subarrays","2300","2010chongqing","841"
"P_77ac1aaa","Beauty of the mountains","1700","2004beijing","495"
"P_0ae55cb0","Boring Day","1200","2007shanghai","255"
"P_b3d277d8","Collatz Conjecture","1200","2020wuhan","382"
"P_f176606c","Soccer","800","2007chongqing","554"
"P_054a8ed7","Turtle and Paths on a Tree","3000","2014shanghai","22"
"P_5e94276b","Turtle and Intersected Segments","2600","2011beijing","363"
"P_1ef5eac0","Turtle and Multiplication","2400","2019xian","622"
"P_76b28bf9","Turtle and an Incomplete Sequence","1800","2013xian","275"
"P_5f055fac","Turtle and an Infinite Sequence","1300","2020xian","445"
"P_39f9c4b6","Turtle and Piggy Are Playing a Game","800","2009wuhan","282"
"P_68827b73","Yasya and the Mysterious Tree","2300","2002shanghai","318"
"P_2be6177c","Field Division (hard version)","2400","2010shanghai","624"
"P_aaeceec8","Field Division (easy version)","1900","2010wuhan","292"
"P_901cc455","Permutation of Rows and Columns","1600","2017nanjing","677"
"P_02709e30","GCD-sequence","1400","2010nanjing","910"
"P_849d8ba7","Sofia and the Lost Operations","1300","2018wuhan","526"
"P_bffed83e","Choosing Cubes","800","2003shenzhen","367"
"P_374ae587","Problem Generator","800","2010beijing","30"
"P_5f46f350","Kostyanych's Theorem","2900","2000nanjing","948"
"P_b410aa21","Manhattan Triangle","2400","2003chongqing","439"
"P_c5445dcc","Fixing a Binary String","1800","2011shanghai","603"
"P_9276e6fc","Earning on Bets","1200","2011nanjing","854"
"P_1b4361be","XOR Sequences","1000","2015shenzhen","550"
"P_849347d4","Guess the Maximum","800","2001chongqing","117"
"P_8ff03e3d","Large Graph","2400","2012xian","223"
"P_242ced3a","Computing Machine","2000","2005shanghai","870"
"P_97e2a9b3","Elections","1600","2001guangzhou","368"
"P_103fbc36","Manhattan Permutations","1300","2012shanghai","626"
"P_a524c0da","New Bakery","800","2017xian","337"
"P_a684e4a6","Alice and Books","800","2004xian","813"
"P_4ffe7d03","Tensor","2600","2014shanghai","431"
"P_2300a5e1","XORificator","2300","2017chengdu","175"
"P_5794c85c","Nikita and LCM","1900","2007chongqing","60"
"P_712b3380","Binary Colouring","1100","2018wuhan","966"
"P_16bf35bb","Little Nikita","800","2011shanghai","84"
"P_0cf403ed","Remove Bridges","2800","2001hangzhou","748"
"P_5102b83f","Splittable Permutations","2500","2000chengdu","784"
"P_975210da","Invertible Bracket Sequences","2000","2017chongqing","250"
"P_cc54ed15","Job Interview","1600","2002beijing","837"
"P_5a225c3e","Increase/Decrease/Copy","1100","2004guangzhou","15"
"P_adcf9abe","Verify Password","800","2003hangzhou","290"
"P_a8e70444","Mind Bloom","3500","2003wuhan","942"
"P_0ef32a10","378QAQ and Core","3500","2010chongqing","619"
"P_61499a36","Zimpha Fan Club","3000","2007xian","542"
"P_c154e7c9","Set","2600","2016guangzhou","745"
"P_52eb6aa6","Chain Queries","2100","2017guangzhou","486"
"P_c3c00bbf","Paint the Tree","1700","2006shenzhen","59"
"P_fe7cb0d3","Chamo and Mocha's Array","1200","2013wuhan","609"
"P_533a5a50","378QAQ and Mocha's Array","1000","2003chengdu","519"
"P_455507a5","Bazoka and Mocha's Array","800","2020xian","363"
"P_7bda93c4","Money Buys Less Happiness Now","2000","2008guangzhou","740"
"P_743b8006","Cutting Game","1900","2007xian","709"
"P_59947bb9","Money Buys Happiness","1800","2012chongqing","284"
"P_90e92f2e","Ingenuity-2","1400","2013xian","930"
"P_b446225c","Beautiful Triple Pairs","1400","2018beijing","467"
"P_3c4e5a18","Symmetric Encoding","800","2008xian","415"
"P_77b5cbcf","Phone Desktop","800","2012chongqing","444"
"P_03041259","Maximum GCD Sum Queries","3100","2005beijing","294"
"P_aa02acef","Cat, Fox and Swaps","2500","2010chengdu","72"
"P_ec43430a","Cat, Fox and Maximum Array Split","2400","2013xian","840"
"P_f813e8a0","Cat, Fox and Double Maximum","1700","2015hangzhou","268"
"P_775f7dbc","Cat, Fox and the Lonely Array","1300","2005nanjing","13"
"P_48846ae8","Chess For Three","900","2012guangzhou","614"
"P_119cc570","Coin Games","900","2006xian","696"
"P_00f89e69","Contest Proposal","800","2003beijing","654"
"P_359f49f5","±1","2100","2016chengdu","329"
"P_6e78538b","XOUR","1700","2001chengdu","184"
"P_3a338aac","Circle Perimeter","1600","2011xian","716"
"P_9a13e43e","Find the Car","1500","2010shanghai","34"
"P_ddba1138","Binary Cut","1100","2013guangzhou","788"
"P_bd852036","Clock and Strings","900","2016wuhan","25"
"P_fd57102d","Different String","800","2007beijing","973"
"P_1802170d","My First Sorting Problem","800","2015shanghai","752"
"P_b6582211","Min-Fund Prison (Hard)","2400","2012nanjing","133"
"P_f7b1ed5b","Min-Fund Prison (Medium)","2200","2013xian","937"
"P_b44ac1f4","Min-Fund Prison (Easy)","1900","2012shenzhen","298"
"P_279d40fb","Playing Quidditch (Hard)","2300","2006xian","645"
"P_fb2a1d9b","Playing Quidditch (Medium)","2300","2006nanjing","835"
"P_b259f9be","Playing Quidditch (Easy)","2300","2015wuhan","358"
"P_7dd6b0d1","Trails (Hard)","2200","2020wuhan","737"
"P_328f54a3","Trails (Medium)","2000","2019nanjing","50"
"P_2c01d0f2","Trails (Easy)","1800","2018hangzhou","734"
"P_e89f8541","Arithmancy (Hard)","3100","2010shanghai","296"
"P_ea284a14","Arithmancy (Medium)","2600","2017shanghai","884"
"P_43d24b54","Arithmancy (Easy)","2100","2017hangzhou","221"
"P_a4f1f8c2","Game on Tree (Hard)","1900","2013chengdu","706"
"P_29e259c3","Game on Tree (Medium)","1700","2018hangzhou","465"
"P_d200ac04","Game on Tree (Easy)","1400","2010shanghai","934"
"P_43b1358b","Exact Neighbours (Hard)","2300","2008beijing","34"
"P_1a6a3537","Exact Neighbours (Medium)","2100","2012nanjing","312"
"P_571ff99a","Exact Neighbours (Easy)","1900","2010xian","4"
"P_0a3c531a","Balanced Unshuffle (Hard)","2400","2007xian","802"
"P_67d6fa9c","Balanced Unshuffle (Medium)","2400","2019chengdu","11"
"P_ecdf2c4a","Balanced Shuffle (Easy)","1000","2010hangzhou","269"
"P_5367008e","Card Pairing","3000","2007shanghai","205"
"P_3a0cbe6d","Unique Array","2400","2010shanghai","535"
"P_3c25ca7d","Shop Game","1900","2001chengdu","236"
"P_6618f7b9","Minimizing the Sum","1700","2001guangzhou","179"
"P_e4a827cf","Shifts and Sorting","1000","2011wuhan","29"
"P_ab9603d3","Two Friends","800","2006guangzhou","660"
"P_463cf467","Division + LCP (hard version)","2200","2001chengdu","846"
"P_497507e5","Division + LCP (easy version)","1900","2001shenzhen","987"
"P_67978bb4","Equal XOR Segments","1800","2001xian","606"
"P_3a694f5f","Cells Arrangement","1600","2010chengdu","870"
"P_64580a1a","Permutation Game","1300","2009xian","718"
"P_26afd18f","Assembly via Remainders","1000","2019shenzhen","982"
"P_29a37fea","Prefiquence","800","2006shanghai","517"
"P_b40fe445","Maximize?","800","2008shanghai","717"
"P_14f9d338","Next and Prev","3200","2010shenzhen","831"
"P_e6a3a7e5","Again Counting Arrays (Hard Version)","3500","2000wuhan","141"
"P_129c2ff0","Again Counting Arrays (Easy Version)","3100","2007guangzhou","736"
"P_9d2811c3","Long Way to be Non-decreasing","2800","2009chongqing","861"
"P_7ad76d09","Fenwick Tree","2300","2011shanghai","426"
"P_ea922522","Reverse Card (Hard Version)","2200","2011chengdu","562"
"P_c6f82a49","Reverse Card (Easy Version)","1400","2002shanghai","812"
"P_02036e06","Permutation Counting","1400","2018beijing","702"
"P_957ad2e9","Rectangle Filling","1100","2005shanghai","436"
"P_d86a6365","Card Exchange","800","2007wuhan","815"
"P_df273213","Conference","3300","2000shenzhen","901"
"P_4836c437","Connected Cubes","3100","2001wuhan","458"
"P_5f970f8c","Missing Subarray Sum","2900","2010guangzhou","980"
"P_43ad0508","Folding Strip","2300","2013guangzhou","655"
"P_e26a4b87","Missing Subsequence Sum","1800","2001nanjing","755"
"P_38eebc9c","Everything Nim","1400","2020chongqing","347"
"P_65c1a20a","Necromancer","3200","2013wuhan","625"
"P_46c3d368","Equal Trees","3100","2001wuhan","20"
"P_d350a907","Composite Spells","2600","2002chongqing","601"
"P_c0af7e07","Observation Towers","2400","2002shanghai","454"
"P_8d2feda0","Narrow Paths","2000","2015xian","909"
"P_79c38945","Yet Another Permutation Constructive","1900","2017shenzhen","526"
"P_1e2d73cb","Staircase","1600","2015shenzhen","74"
"P_7d08fc9e","Firewood","1500","2005xian","661"
"P_cc3b0e04","Clock in the Pool","1400","2015beijing","476"
"P_4f3de12c","2001/3/5","1100","2008hangzhou","419"
"P_ab07f390","Frequency Mismatch (Hard Version)","2700","2002wuhan","1"
"P_5d1cace8","Frequency Mismatch (Easy Version)","2600","2018shenzhen","533"
"P_44de0bae","Carousel of Combinations","2400","2001shanghai","688"
"P_097564fd","A BIT of an Inequality","1900","2012shenzhen","931"
"P_7c0a114f","How Does the Rook Move?","1600","2003shenzhen","185"
"P_beda6a9a","A BIT of a Construction","1100","2011xian","695"
"P_393cbc86","Stickogon","800","2013beijing","763"
"P_ff9a3488","Nene and the Passing Game","3000","2013nanjing","878"
"P_1b87cc6d","Nene vs. Monsters (Hard Version)","2700","2003nanjing","243"
"P_faf6f2fc","Nene vs. Monsters (Easy Version)","2500","2008shanghai","315"
"P_82dddd47","Nene and the Mex Operator","2000","2000hangzhou","129"
"P_f4d3cb02","Nene's Magical Matrix","1600","2016xian","197"
"P_00e95fb6","Nene and the Card Game","800","2010chongqing","566"
