"solution_id","person_id"
"S1","PERSON_db5da49f"
"S2","PERSON_2be36bc7"
"S3","PERSON_3e473e9d"
"S4","PERSON_a56b452f"
"S5","PERSON_e014ceef"
"S6","PERSON_09ac4e03"
"S7","PERSON_1b38a7cf"
"S8","PERSON_f8991942"
"S9","PERSON_eadd1547"
"S10","PERSON_f2bc355f"
"S11","PERSON_b30750a9"
"S12","PERSON_23961870"
"S13","PERSON_c810be9d"
"S14","PERSON_f1caebf6"
"S15","PERSON_a817232f"
"S16","PERSON_1b38a7cf"
"S17","PERSON_b9b18fc7"
"S18","PERSON_b30750a9"
"S19","PERSON_1b38a7cf"
"S20","PERSON_a817232f"
"S21","PERSON_db5da49f"
"S22","PERSON_db5da49f"
"S23","PERSON_2a5edb50"
"S24","PERSON_f475c1a5"
"S25","PERSON_f475c1a5"
"S26","PERSON_f475c1a5"
"S27","PERSON_b9b18fc7"
"S28","PERSON_2a5edb50"
"S29","PERSON_c581195d"
"S30","PERSON_ba1bf016"
"S31","PERSON_8472b745"
"S32","PERSON_23961870"
"S33","PERSON_3e473e9d"
"S34","PERSON_f2bc355f"
"S35","PERSON_09ac4e03"
"S36","PERSON_93ab0a5d"
"S37","PERSON_8a1497ea"
"S38","PERSON_1b38a7cf"
"S39","PERSON_c581195d"
"S40","PERSON_93ab0a5d"
"S41","PERSON_e014ceef"
"S42","PERSON_e014ceef"
"S43","PERSON_23961870"
"S44","PERSON_2a5edb50"
"S45","PERSON_f8991942"
"S46","PERSON_8472b745"
"S47","PERSON_b30750a9"
"S48","PERSON_23961870"
"S49","PERSON_23961870"
"S50","PERSON_ba1bf016"
"S51","PERSON_f475c1a5"
"S52","PERSON_8a1497ea"
"S53","PERSON_93ab0a5d"
"S54","PERSON_88353bd6"
"S55","PERSON_98d8713e"
"S56","PERSON_23961870"
"S57","PERSON_00ae65cb"
"S58","PERSON_f475c1a5"
"S59","PERSON_8a1497ea"
"S60","PERSON_2a5edb50"
"S61","PERSON_e014ceef"
"S62","PERSON_23961870"
"S63","PERSON_b30750a9"
"S64","PERSON_a817232f"
"S65","PERSON_09ac4e03"
"S66","PERSON_f1caebf6"
"S67","PERSON_88353bd6"
"S68","PERSON_a817232f"
"S69","PERSON_e014ceef"
"S70","PERSON_3e473e9d"
"S71","PERSON_a56b452f"
"S72","PERSON_93ab0a5d"
"S73","PERSON_88353bd6"
"S74","PERSON_a817232f"
"S75","PERSON_f2bc355f"
"S76","PERSON_00ae65cb"
"S77","PERSON_b9b18fc7"
"S78","PERSON_f2bc355f"
"S79","PERSON_e014ceef"
"S80","PERSON_f8991942"
"S81","PERSON_f8991942"
"S82","PERSON_db5da49f"
"S83","PERSON_a56b452f"
"S84","PERSON_eadd1547"
"S85","PERSON_2be36bc7"
"S86","PERSON_db5da49f"
"S87","PERSON_2be36bc7"
"S88","PERSON_e014ceef"
"S89","PERSON_3e473e9d"
"S90","PERSON_a817232f"
"S91","PERSON_2be36bc7"
"S92","PERSON_8a1497ea"
"S93","PERSON_2be36bc7"
"S94","PERSON_c810be9d"
"S95","PERSON_b30750a9"
"S96","PERSON_8472b745"
"S97","PERSON_8a1497ea"
"S98","PERSON_2be36bc7"
"S99","PERSON_ba1bf016"
"S100","PERSON_1b38a7cf"
"S101","PERSON_e014ceef"
"S102","PERSON_a56b452f"
"S103","PERSON_b30750a9"
"S104","PERSON_db5da49f"
"S105","PERSON_00ae65cb"
"S106","PERSON_1b38a7cf"
"S107","PERSON_c581195d"
"S108","PERSON_1b38a7cf"
"S109","PERSON_2a5edb50"
"S110","PERSON_f2bc355f"
"S111","PERSON_2a5edb50"
"S112","PERSON_2a5edb50"
"S113","PERSON_8a1497ea"
"S114","PERSON_2be36bc7"
"S115","PERSON_f8991942"
"S116","PERSON_f1caebf6"
"S117","PERSON_c581195d"
"S118","PERSON_f2bc355f"
"S119","PERSON_f1caebf6"
"S120","PERSON_e014ceef"
"S121","PERSON_a817232f"
"S122","PERSON_93ab0a5d"
"S123","PERSON_b9b18fc7"
"S124","PERSON_1b38a7cf"
"S125","PERSON_88353bd6"
"S126","PERSON_93ab0a5d"
"S127","PERSON_f8991942"
"S128","PERSON_a56b452f"
"S129","PERSON_f1caebf6"
"S130","PERSON_3e473e9d"
"S131","PERSON_b9b18fc7"
"S132","PERSON_f475c1a5"
"S133","PERSON_ba1bf016"
"S134","PERSON_c581195d"
"S135","PERSON_f475c1a5"
"S136","PERSON_eadd1547"
"S137","PERSON_98d8713e"
"S138","PERSON_f475c1a5"
"S139","PERSON_b30750a9"
"S140","PERSON_ba1bf016"
"S141","PERSON_2be36bc7"
"S142","PERSON_c581195d"
"S143","PERSON_2be36bc7"
"S144","PERSON_8a1497ea"
"S145","PERSON_1b38a7cf"
"S146","PERSON_f475c1a5"
"S147","PERSON_3e473e9d"
"S148","PERSON_88353bd6"
"S149","PERSON_f475c1a5"
"S150","PERSON_b9b18fc7"
"S151","PERSON_3e473e9d"
"S152","PERSON_e014ceef"
"S153","PERSON_f475c1a5"
"S154","PERSON_1b38a7cf"
"S155","PERSON_09ac4e03"
"S156","PERSON_c581195d"
"S157","PERSON_a817232f"
"S158","PERSON_db5da49f"
"S159","PERSON_1b38a7cf"
"S160","PERSON_b30750a9"
"S161","PERSON_23961870"
"S162","PERSON_a817232f"
"S163","PERSON_09ac4e03"
"S164","PERSON_db5da49f"
"S165","PERSON_f8991942"
"S166","PERSON_8a1497ea"
"S167","PERSON_ba1bf016"
"S168","PERSON_db5da49f"
"S169","PERSON_c581195d"
"S170","PERSON_2be36bc7"
"S171","PERSON_f8991942"
"S172","PERSON_93ab0a5d"
"S173","PERSON_93ab0a5d"
"S174","PERSON_09ac4e03"
"S175","PERSON_c810be9d"
"S176","PERSON_8472b745"
"S177","PERSON_2be36bc7"
"S178","PERSON_2a5edb50"
"S179","PERSON_f475c1a5"
"S180","PERSON_eadd1547"
"S181","PERSON_b30750a9"
"S182","PERSON_09ac4e03"
"S183","PERSON_f1caebf6"
"S184","PERSON_2be36bc7"
"S185","PERSON_c581195d"
"S186","PERSON_1b38a7cf"
"S187","PERSON_b30750a9"
"S188","PERSON_8472b745"
"S189","PERSON_23961870"
"S190","PERSON_09ac4e03"
"S191","PERSON_c581195d"
"S192","PERSON_00ae65cb"
"S193","PERSON_98d8713e"
"S194","PERSON_3e473e9d"
"S195","PERSON_b9b18fc7"
"S196","PERSON_f2bc355f"
"S197","PERSON_a817232f"
"S198","PERSON_a817232f"
"S199","PERSON_eadd1547"
"S200","PERSON_f475c1a5"
"S201","PERSON_f8991942"
"S202","PERSON_8a1497ea"
"S203","PERSON_e014ceef"
"S204","PERSON_23961870"
"S205","PERSON_3e473e9d"
"S206","PERSON_db5da49f"
"S207","PERSON_8472b745"
"S208","PERSON_e014ceef"
"S209","PERSON_c810be9d"
"S210","PERSON_2be36bc7"
"S211","PERSON_b30750a9"
"S212","PERSON_8a1497ea"
"S213","PERSON_c810be9d"
"S214","PERSON_8a1497ea"
"S215","PERSON_b30750a9"
"S216","PERSON_ba1bf016"
"S217","PERSON_f8991942"
"S218","PERSON_8a1497ea"
"S219","PERSON_1b38a7cf"
"S220","PERSON_88353bd6"
"S221","PERSON_a817232f"
"S222","PERSON_88353bd6"
"S223","PERSON_1b38a7cf"
"S224","PERSON_f8991942"
"S225","PERSON_98d8713e"
"S226","PERSON_f8991942"
"S227","PERSON_e014ceef"
"S228","PERSON_eadd1547"
"S229","PERSON_c581195d"
"S230","PERSON_eadd1547"
"S231","PERSON_c581195d"
"S232","PERSON_b30750a9"
"S233","PERSON_a56b452f"
"S234","PERSON_c810be9d"
"S235","PERSON_2be36bc7"
"S236","PERSON_3e473e9d"
"S237","PERSON_eadd1547"
"S238","PERSON_2be36bc7"
"S239","PERSON_b9b18fc7"
"S240","PERSON_c581195d"
"S241","PERSON_8472b745"
"S242","PERSON_93ab0a5d"
"S243","PERSON_c581195d"
"S244","PERSON_a56b452f"
"S245","PERSON_c581195d"
"S246","PERSON_09ac4e03"
"S247","PERSON_1b38a7cf"
"S248","PERSON_f1caebf6"
"S249","PERSON_98d8713e"
"S250","PERSON_a817232f"
"S251","PERSON_98d8713e"
"S252","PERSON_3e473e9d"
"S253","PERSON_c810be9d"
"S254","PERSON_b30750a9"
"S255","PERSON_f1caebf6"
"S256","PERSON_8a1497ea"
"S257","PERSON_c810be9d"
"S258","PERSON_a817232f"
"S259","PERSON_3e473e9d"
"S260","PERSON_2be36bc7"
"S261","PERSON_f2bc355f"
"S262","PERSON_b9b18fc7"
"S263","PERSON_1b38a7cf"
"S264","PERSON_b9b18fc7"
"S265","PERSON_88353bd6"
"S266","PERSON_e014ceef"
"S267","PERSON_2be36bc7"
"S268","PERSON_3e473e9d"
"S269","PERSON_1b38a7cf"
"S270","PERSON_8a1497ea"
"S271","PERSON_1b38a7cf"
"S272","PERSON_8472b745"
"S273","PERSON_00ae65cb"
"S274","PERSON_2a5edb50"
"S275","PERSON_f2bc355f"
"S276","PERSON_f475c1a5"
"S277","PERSON_b9b18fc7"
"S278","PERSON_db5da49f"
"S279","PERSON_93ab0a5d"
"S280","PERSON_a817232f"
"S281","PERSON_a817232f"
"S282","PERSON_db5da49f"
"S283","PERSON_8472b745"
"S284","PERSON_db5da49f"
"S285","PERSON_f1caebf6"
"S286","PERSON_c581195d"
"S287","PERSON_00ae65cb"
"S288","PERSON_09ac4e03"
"S289","PERSON_ba1bf016"
"S290","PERSON_b30750a9"
"S291","PERSON_98d8713e"
"S292","PERSON_b9b18fc7"
"S293","PERSON_f1caebf6"
"S294","PERSON_a56b452f"
"S295","PERSON_23961870"
"S296","PERSON_db5da49f"
"S297","PERSON_98d8713e"
"S298","PERSON_a56b452f"
"S299","PERSON_3e473e9d"
"S300","PERSON_a817232f"
"S301","PERSON_8472b745"
"S302","PERSON_eadd1547"
"S303","PERSON_a56b452f"
"S304","PERSON_2a5edb50"
"S305","PERSON_b9b18fc7"
"S306","PERSON_a817232f"
"S307","PERSON_e014ceef"
"S308","PERSON_98d8713e"
"S309","PERSON_00ae65cb"
"S310","PERSON_23961870"
"S311","PERSON_8a1497ea"
"S312","PERSON_93ab0a5d"
"S313","PERSON_b9b18fc7"
"S314","PERSON_f8991942"
"S315","PERSON_f1caebf6"
"S316","PERSON_a817232f"
"S317","PERSON_f475c1a5"
"S318","PERSON_3e473e9d"
"S319","PERSON_8a1497ea"
"S320","PERSON_00ae65cb"
"S321","PERSON_09ac4e03"
"S322","PERSON_23961870"
"S323","PERSON_f2bc355f"
"S324","PERSON_98d8713e"
"S325","PERSON_f1caebf6"
"S326","PERSON_b30750a9"
"S327","PERSON_8a1497ea"
"S328","PERSON_3e473e9d"
"S329","PERSON_e014ceef"
"S330","PERSON_93ab0a5d"
"S331","PERSON_1b38a7cf"
"S332","PERSON_db5da49f"
"S333","PERSON_a56b452f"
"S334","PERSON_98d8713e"
"S335","PERSON_c810be9d"
"S336","PERSON_09ac4e03"
"S337","PERSON_ba1bf016"
"S338","PERSON_1b38a7cf"
"S339","PERSON_1b38a7cf"
"S340","PERSON_a817232f"
"S341","PERSON_c581195d"
"S342","PERSON_8472b745"
"S343","PERSON_98d8713e"
"S344","PERSON_88353bd6"
"S345","PERSON_88353bd6"
"S346","PERSON_db5da49f"
"S347","PERSON_db5da49f"
"S348","PERSON_1b38a7cf"
"S349","PERSON_8472b745"
"S350","PERSON_8472b745"
"S351","PERSON_2a5edb50"
"S352","PERSON_ba1bf016"
"S353","PERSON_e014ceef"
"S354","PERSON_00ae65cb"
"S355","PERSON_1b38a7cf"
"S356","PERSON_98d8713e"
"S357","PERSON_c581195d"
"S358","PERSON_b30750a9"
"S359","PERSON_f2bc355f"
"S360","PERSON_c810be9d"
"S361","PERSON_93ab0a5d"
"S362","PERSON_09ac4e03"
"S363","PERSON_f1caebf6"
"S364","PERSON_23961870"
"S365","PERSON_09ac4e03"
"S366","PERSON_a817232f"
"S367","PERSON_98d8713e"
"S368","PERSON_00ae65cb"
"S369","PERSON_8472b745"
"S370","PERSON_2a5edb50"
"S371","PERSON_09ac4e03"
"S372","PERSON_f1caebf6"
"S373","PERSON_3e473e9d"
"S374","PERSON_88353bd6"
"S375","PERSON_00ae65cb"
"S376","PERSON_eadd1547"
"S377","PERSON_93ab0a5d"
"S378","PERSON_f2bc355f"
"S379","PERSON_eadd1547"
"S380","PERSON_8472b745"
"S381","PERSON_8a1497ea"
"S382","PERSON_b30750a9"
"S383","PERSON_c810be9d"
"S384","PERSON_ba1bf016"
"S385","PERSON_98d8713e"
"S386","PERSON_ba1bf016"
"S387","PERSON_93ab0a5d"
"S388","PERSON_93ab0a5d"
"S389","PERSON_8a1497ea"
"S390","PERSON_f475c1a5"
"S391","PERSON_eadd1547"
"S392","PERSON_8472b745"
"S393","PERSON_db5da49f"
"S394","PERSON_c581195d"
"S395","PERSON_2a5edb50"
"S396","PERSON_b9b18fc7"
"S397","PERSON_1b38a7cf"
"S398","PERSON_a56b452f"
"S399","PERSON_c581195d"
"S400","PERSON_ba1bf016"
"S401","PERSON_93ab0a5d"
"S402","PERSON_1b38a7cf"
"S403","PERSON_c810be9d"
"S404","PERSON_f1caebf6"
"S405","PERSON_f2bc355f"
"S406","PERSON_f2bc355f"
"S407","PERSON_db5da49f"
"S408","PERSON_23961870"
"S409","PERSON_8472b745"
"S410","PERSON_23961870"
"S411","PERSON_2a5edb50"
"S412","PERSON_f1caebf6"
"S413","PERSON_c810be9d"
"S414","PERSON_00ae65cb"
"S415","PERSON_f1caebf6"
"S416","PERSON_f2bc355f"
"S417","PERSON_a817232f"
"S418","PERSON_2be36bc7"
"S419","PERSON_a56b452f"
"S420","PERSON_88353bd6"
"S421","PERSON_88353bd6"
"S422","PERSON_09ac4e03"
"S423","PERSON_2be36bc7"
"S424","PERSON_ba1bf016"
"S425","PERSON_98d8713e"
"S426","PERSON_2a5edb50"
"S427","PERSON_f2bc355f"
"S428","PERSON_2be36bc7"
"S429","PERSON_f2bc355f"
"S430","PERSON_f475c1a5"
"S431","PERSON_f1caebf6"
"S432","PERSON_c810be9d"
"S433","PERSON_e014ceef"
"S434","PERSON_eadd1547"
"S435","PERSON_3e473e9d"
"S436","PERSON_2be36bc7"
"S437","PERSON_c810be9d"
"S438","PERSON_8472b745"
"S439","PERSON_c810be9d"
"S440","PERSON_93ab0a5d"
"S441","PERSON_00ae65cb"
"S442","PERSON_b9b18fc7"
"S443","PERSON_f8991942"
"S444","PERSON_8472b745"
"S445","PERSON_93ab0a5d"
"S446","PERSON_f8991942"
"S447","PERSON_f1caebf6"
"S448","PERSON_88353bd6"
"S449","PERSON_c810be9d"
"S450","PERSON_f475c1a5"
"S451","PERSON_88353bd6"
"S452","PERSON_2a5edb50"
"S453","PERSON_eadd1547"
"S454","PERSON_98d8713e"
"S455","PERSON_00ae65cb"
"S456","PERSON_2be36bc7"
"S457","PERSON_f1caebf6"
"S458","PERSON_b30750a9"
"S459","PERSON_88353bd6"
"S460","PERSON_8472b745"
"S461","PERSON_f8991942"
"S462","PERSON_b9b18fc7"
"S463","PERSON_b9b18fc7"
"S464","PERSON_23961870"
"S465","PERSON_93ab0a5d"
"S466","PERSON_a56b452f"
"S467","PERSON_b30750a9"
"S468","PERSON_a56b452f"
"S469","PERSON_8472b745"
"S470","PERSON_88353bd6"
"S471","PERSON_b30750a9"
"S472","PERSON_e014ceef"
"S473","PERSON_ba1bf016"
"S474","PERSON_3e473e9d"
"S475","PERSON_c581195d"
"S476","PERSON_1b38a7cf"
"S477","PERSON_c581195d"
"S478","PERSON_f2bc355f"
"S479","PERSON_a817232f"
"S480","PERSON_a817232f"
"S481","PERSON_b9b18fc7"
"S482","PERSON_e014ceef"
"S483","PERSON_f475c1a5"
"S484","PERSON_09ac4e03"
"S485","PERSON_a56b452f"
"S486","PERSON_1b38a7cf"
"S487","PERSON_b30750a9"
"S488","PERSON_a56b452f"
"S489","PERSON_f2bc355f"
"S490","PERSON_1b38a7cf"
"S491","PERSON_a56b452f"
"S492","PERSON_2be36bc7"
"S493","PERSON_c581195d"
"S494","PERSON_8a1497ea"
"S495","PERSON_3e473e9d"
"S496","PERSON_a817232f"
"S497","PERSON_e014ceef"
"S498","PERSON_98d8713e"
"S499","PERSON_8a1497ea"
"S500","PERSON_a817232f"
"S501","PERSON_1b38a7cf"
"S502","PERSON_b30750a9"
"S503","PERSON_8a1497ea"
"S504","PERSON_f2bc355f"
"S505","PERSON_93ab0a5d"
"S506","PERSON_ba1bf016"
"S507","PERSON_c581195d"
"S508","PERSON_00ae65cb"
"S509","PERSON_f8991942"
"S510","PERSON_b30750a9"
"S511","PERSON_2a5edb50"
"S512","PERSON_98d8713e"
"S513","PERSON_c810be9d"
"S514","PERSON_3e473e9d"
"S515","PERSON_f2bc355f"
"S516","PERSON_a817232f"
"S517","PERSON_f1caebf6"
"S518","PERSON_8a1497ea"
"S519","PERSON_f1caebf6"
"S520","PERSON_2be36bc7"
"S521","PERSON_f475c1a5"
"S522","PERSON_f2bc355f"
"S523","PERSON_8a1497ea"
"S524","PERSON_09ac4e03"
"S525","PERSON_88353bd6"
"S526","PERSON_2a5edb50"
"S527","PERSON_1b38a7cf"
"S528","PERSON_db5da49f"
"S529","PERSON_2a5edb50"
"S530","PERSON_f2bc355f"
"S531","PERSON_09ac4e03"
"S532","PERSON_09ac4e03"
"S533","PERSON_c581195d"
"S534","PERSON_f475c1a5"
"S535","PERSON_09ac4e03"
"S536","PERSON_a817232f"
"S537","PERSON_f8991942"
"S538","PERSON_ba1bf016"
"S539","PERSON_b30750a9"
"S540","PERSON_b9b18fc7"
"S541","PERSON_8a1497ea"
"S542","PERSON_c810be9d"
"S543","PERSON_eadd1547"
"S544","PERSON_c581195d"
"S545","PERSON_eadd1547"
"S546","PERSON_f8991942"
"S547","PERSON_2a5edb50"
"S548","PERSON_2a5edb50"
"S549","PERSON_f475c1a5"
"S550","PERSON_f8991942"
"S551","PERSON_ba1bf016"
"S552","PERSON_f1caebf6"
"S553","PERSON_ba1bf016"
"S554","PERSON_8a1497ea"
"S555","PERSON_88353bd6"
"S556","PERSON_db5da49f"
"S557","PERSON_c581195d"
"S558","PERSON_b30750a9"
"S559","PERSON_23961870"
"S560","PERSON_c810be9d"
"S561","PERSON_f475c1a5"
"S562","PERSON_3e473e9d"
"S563","PERSON_93ab0a5d"
"S564","PERSON_00ae65cb"
"S565","PERSON_c581195d"
"S566","PERSON_88353bd6"
"S567","PERSON_98d8713e"
"S568","PERSON_f2bc355f"
"S569","PERSON_2be36bc7"
"S570","PERSON_b9b18fc7"
"S571","PERSON_e014ceef"
"S572","PERSON_2a5edb50"
"S573","PERSON_ba1bf016"
"S574","PERSON_f8991942"
"S575","PERSON_f475c1a5"
"S576","PERSON_00ae65cb"
"S577","PERSON_b9b18fc7"
"S578","PERSON_f8991942"
"S579","PERSON_b9b18fc7"
"S580","PERSON_88353bd6"
"S581","PERSON_2be36bc7"
"S582","PERSON_8472b745"
"S583","PERSON_00ae65cb"
"S584","PERSON_93ab0a5d"
"S585","PERSON_f2bc355f"
"S586","PERSON_1b38a7cf"
"S587","PERSON_eadd1547"
"S588","PERSON_2a5edb50"
"S589","PERSON_8472b745"
"S590","PERSON_88353bd6"
"S591","PERSON_ba1bf016"
"S592","PERSON_ba1bf016"
"S593","PERSON_ba1bf016"
"S594","PERSON_ba1bf016"
"S595","PERSON_00ae65cb"
"S596","PERSON_f2bc355f"
"S597","PERSON_98d8713e"
"S598","PERSON_88353bd6"
"S599","PERSON_e014ceef"
"S600","PERSON_b9b18fc7"
"S601","PERSON_db5da49f"
"S602","PERSON_eadd1547"
"S603","PERSON_e014ceef"
"S604","PERSON_eadd1547"
"S605","PERSON_a817232f"
"S606","PERSON_db5da49f"
"S607","PERSON_23961870"
"S608","PERSON_b9b18fc7"
"S609","PERSON_00ae65cb"
"S610","PERSON_f475c1a5"
"S611","PERSON_c581195d"
"S612","PERSON_1b38a7cf"
"S613","PERSON_f1caebf6"
"S614","PERSON_c810be9d"
"S615","PERSON_b30750a9"
"S616","PERSON_a817232f"
"S617","PERSON_f2bc355f"
"S618","PERSON_3e473e9d"
"S619","PERSON_e014ceef"
"S620","PERSON_b9b18fc7"
"S621","PERSON_c581195d"
"S622","PERSON_00ae65cb"
"S623","PERSON_93ab0a5d"
"S624","PERSON_f475c1a5"
"S625","PERSON_db5da49f"
"S626","PERSON_88353bd6"
"S627","PERSON_b30750a9"
"S628","PERSON_09ac4e03"
"S629","PERSON_3e473e9d"
"S630","PERSON_2be36bc7"
"S631","PERSON_eadd1547"
"S632","PERSON_ba1bf016"
"S633","PERSON_00ae65cb"
"S634","PERSON_a56b452f"
"S635","PERSON_93ab0a5d"
"S636","PERSON_00ae65cb"
"S637","PERSON_09ac4e03"
"S638","PERSON_1b38a7cf"
"S639","PERSON_a56b452f"
"S640","PERSON_e014ceef"
"S641","PERSON_23961870"
"S642","PERSON_a56b452f"
"S643","PERSON_f2bc355f"
"S644","PERSON_88353bd6"
"S645","PERSON_8472b745"
"S646","PERSON_eadd1547"
"S647","PERSON_f1caebf6"
"S648","PERSON_00ae65cb"
"S649","PERSON_23961870"
"S650","PERSON_c581195d"
"S651","PERSON_1b38a7cf"
"S652","PERSON_93ab0a5d"
"S653","PERSON_8a1497ea"
"S654","PERSON_b30750a9"
"S655","PERSON_2a5edb50"
"S656","PERSON_1b38a7cf"
"S657","PERSON_e014ceef"
"S658","PERSON_c810be9d"
"S659","PERSON_8472b745"
"S660","PERSON_b9b18fc7"
"S661","PERSON_c810be9d"
"S662","PERSON_00ae65cb"
"S663","PERSON_f2bc355f"
"S664","PERSON_09ac4e03"
"S665","PERSON_93ab0a5d"
"S666","PERSON_2be36bc7"
"S667","PERSON_c810be9d"
"S668","PERSON_e014ceef"
"S669","PERSON_a817232f"
"S670","PERSON_c810be9d"
"S671","PERSON_1b38a7cf"
"S672","PERSON_f1caebf6"
"S673","PERSON_f8991942"
"S674","PERSON_00ae65cb"
"S675","PERSON_3e473e9d"
"S676","PERSON_c581195d"
"S677","PERSON_93ab0a5d"
"S678","PERSON_b30750a9"
"S679","PERSON_2a5edb50"
"S680","PERSON_f8991942"
"S681","PERSON_23961870"
"S682","PERSON_3e473e9d"
"S683","PERSON_8472b745"
"S684","PERSON_2a5edb50"
"S685","PERSON_f475c1a5"
"S686","PERSON_93ab0a5d"
"S687","PERSON_93ab0a5d"
"S688","PERSON_eadd1547"
"S689","PERSON_1b38a7cf"
"S690","PERSON_c810be9d"
"S691","PERSON_3e473e9d"
"S692","PERSON_88353bd6"
"S693","PERSON_1b38a7cf"
"S694","PERSON_a56b452f"
"S695","PERSON_8a1497ea"
"S696","PERSON_e014ceef"
"S697","PERSON_f8991942"
"S698","PERSON_09ac4e03"
"S699","PERSON_a817232f"
"S700","PERSON_c581195d"
"S701","PERSON_ba1bf016"
"S702","PERSON_8472b745"
"S703","PERSON_b9b18fc7"
"S704","PERSON_eadd1547"
"S705","PERSON_09ac4e03"
"S706","PERSON_b30750a9"
"S707","PERSON_8a1497ea"
"S708","PERSON_f2bc355f"
"S709","PERSON_8a1497ea"
"S710","PERSON_8472b745"
"S711","PERSON_00ae65cb"
"S712","PERSON_8472b745"
"S713","PERSON_f2bc355f"
"S714","PERSON_2a5edb50"
"S715","PERSON_c581195d"
"S716","PERSON_eadd1547"
"S717","PERSON_e014ceef"
"S718","PERSON_00ae65cb"
"S719","PERSON_f8991942"
"S720","PERSON_f475c1a5"
"S721","PERSON_93ab0a5d"
"S722","PERSON_b30750a9"
"S723","PERSON_f475c1a5"
"S724","PERSON_8a1497ea"
"S725","PERSON_e014ceef"
"S726","PERSON_db5da49f"
"S727","PERSON_eadd1547"
"S728","PERSON_b9b18fc7"
"S729","PERSON_eadd1547"
"S730","PERSON_f475c1a5"
"S731","PERSON_1b38a7cf"
"S732","PERSON_eadd1547"
"S733","PERSON_a56b452f"
"S734","PERSON_23961870"
"S735","PERSON_1b38a7cf"
"S736","PERSON_93ab0a5d"
"S737","PERSON_98d8713e"
"S738","PERSON_3e473e9d"
"S739","PERSON_b9b18fc7"
"S740","PERSON_00ae65cb"
"S741","PERSON_ba1bf016"
"S742","PERSON_e014ceef"
"S743","PERSON_09ac4e03"
"S744","PERSON_b30750a9"
"S745","PERSON_23961870"
"S746","PERSON_00ae65cb"
"S747","PERSON_2a5edb50"
"S748","PERSON_f2bc355f"
"S749","PERSON_e014ceef"
"S750","PERSON_f1caebf6"
"S751","PERSON_f8991942"
"S752","PERSON_b30750a9"
"S753","PERSON_f475c1a5"
"S754","PERSON_f8991942"
"S755","PERSON_b9b18fc7"
"S756","PERSON_00ae65cb"
"S757","PERSON_c810be9d"
"S758","PERSON_f475c1a5"
"S759","PERSON_c810be9d"
"S760","PERSON_f475c1a5"
"S761","PERSON_a56b452f"
"S762","PERSON_ba1bf016"
"S763","PERSON_f475c1a5"
"S764","PERSON_a817232f"
"S765","PERSON_88353bd6"
"S766","PERSON_b30750a9"
"S767","PERSON_a817232f"
"S768","PERSON_ba1bf016"
"S769","PERSON_a817232f"
"S770","PERSON_c581195d"
"S771","PERSON_09ac4e03"
"S772","PERSON_23961870"
"S773","PERSON_23961870"
"S774","PERSON_a817232f"
"S775","PERSON_09ac4e03"
"S776","PERSON_f8991942"
"S777","PERSON_e014ceef"
"S778","PERSON_00ae65cb"
"S779","PERSON_a817232f"
"S780","PERSON_a817232f"
"S781","PERSON_ba1bf016"
"S782","PERSON_eadd1547"
"S783","PERSON_e014ceef"
"S784","PERSON_8a1497ea"
"S785","PERSON_f2bc355f"
"S786","PERSON_09ac4e03"
"S787","PERSON_eadd1547"
"S788","PERSON_b30750a9"
"S789","PERSON_e014ceef"
"S790","PERSON_f2bc355f"
"S791","PERSON_93ab0a5d"
"S792","PERSON_f8991942"
"S793","PERSON_8a1497ea"
"S794","PERSON_f1caebf6"
"S795","PERSON_e014ceef"
"S796","PERSON_eadd1547"
"S797","PERSON_c581195d"
"S798","PERSON_8472b745"
"S799","PERSON_98d8713e"
"S800","PERSON_1b38a7cf"
"S801","PERSON_a817232f"
"S802","PERSON_b30750a9"
"S803","PERSON_1b38a7cf"
"S804","PERSON_c581195d"
"S805","PERSON_23961870"
"S806","PERSON_e014ceef"
"S807","PERSON_a817232f"
"S808","PERSON_c581195d"
"S809","PERSON_98d8713e"
"S810","PERSON_23961870"
"S811","PERSON_c581195d"
"S812","PERSON_eadd1547"
"S813","PERSON_f2bc355f"
"S814","PERSON_db5da49f"
"S815","PERSON_b30750a9"
"S816","PERSON_00ae65cb"
"S817","PERSON_f8991942"
"S818","PERSON_a817232f"
"S819","PERSON_f1caebf6"
"S820","PERSON_f2bc355f"
"S821","PERSON_2a5edb50"
"S822","PERSON_f8991942"
"S823","PERSON_23961870"
"S824","PERSON_8472b745"
"S825","PERSON_eadd1547"
"S826","PERSON_23961870"
"S827","PERSON_f2bc355f"
"S828","PERSON_8a1497ea"
"S829","PERSON_f2bc355f"
"S830","PERSON_f8991942"
"S831","PERSON_f8991942"
"S832","PERSON_2a5edb50"
"S833","PERSON_23961870"
"S834","PERSON_2be36bc7"
"S835","PERSON_ba1bf016"
"S836","PERSON_93ab0a5d"
"S837","PERSON_09ac4e03"
"S838","PERSON_f475c1a5"
"S839","PERSON_b9b18fc7"
"S840","PERSON_2a5edb50"
"S841","PERSON_1b38a7cf"
"S842","PERSON_f2bc355f"
"S843","PERSON_c810be9d"
"S844","PERSON_f8991942"
"S845","PERSON_8472b745"
"S846","PERSON_8472b745"
"S847","PERSON_f475c1a5"
"S848","PERSON_b9b18fc7"
"S849","PERSON_2be36bc7"
"S850","PERSON_3e473e9d"
"S851","PERSON_00ae65cb"
"S852","PERSON_88353bd6"
"S853","PERSON_f8991942"
"S854","PERSON_8472b745"
"S855","PERSON_f8991942"
"S856","PERSON_09ac4e03"
"S857","PERSON_a56b452f"
"S858","PERSON_2a5edb50"
"S859","PERSON_1b38a7cf"
"S860","PERSON_c581195d"
"S861","PERSON_b30750a9"
"S862","PERSON_93ab0a5d"
"S863","PERSON_f475c1a5"
"S864","PERSON_eadd1547"
"S865","PERSON_c581195d"
"S866","PERSON_db5da49f"
"S867","PERSON_b30750a9"
"S868","PERSON_98d8713e"
"S869","PERSON_f8991942"
"S870","PERSON_09ac4e03"
"S871","PERSON_93ab0a5d"
"S872","PERSON_09ac4e03"
"S873","PERSON_2be36bc7"
"S874","PERSON_2a5edb50"
"S875","PERSON_00ae65cb"
"S876","PERSON_09ac4e03"
"S877","PERSON_c581195d"
"S878","PERSON_f8991942"
"S879","PERSON_c581195d"
"S880","PERSON_c810be9d"
"S881","PERSON_09ac4e03"
"S882","PERSON_b9b18fc7"
"S883","PERSON_c581195d"
"S884","PERSON_2be36bc7"
"S885","PERSON_db5da49f"
"S886","PERSON_a817232f"
"S887","PERSON_23961870"
"S888","PERSON_f2bc355f"
"S889","PERSON_f475c1a5"
"S890","PERSON_a817232f"
"S891","PERSON_23961870"
"S892","PERSON_db5da49f"
"S893","PERSON_b30750a9"
"S894","PERSON_f2bc355f"
"S895","PERSON_2a5edb50"
"S896","PERSON_23961870"
"S897","PERSON_98d8713e"
"S898","PERSON_88353bd6"
"S899","PERSON_2be36bc7"
"S900","PERSON_00ae65cb"
"S901","PERSON_b9b18fc7"
"S902","PERSON_1b38a7cf"
"S903","PERSON_f475c1a5"
"S904","PERSON_ba1bf016"
"S905","PERSON_2a5edb50"
"S906","PERSON_8472b745"
"S907","PERSON_2be36bc7"
"S908","PERSON_88353bd6"
"S909","PERSON_f1caebf6"
"S910","PERSON_93ab0a5d"
"S911","PERSON_b30750a9"
"S912","PERSON_ba1bf016"
"S913","PERSON_db5da49f"
"S914","PERSON_c810be9d"
"S915","PERSON_b9b18fc7"
"S916","PERSON_f1caebf6"
"S917","PERSON_f1caebf6"
"S918","PERSON_2be36bc7"
"S919","PERSON_b9b18fc7"
"S920","PERSON_c810be9d"
"S921","PERSON_93ab0a5d"
"S922","PERSON_b9b18fc7"
"S923","PERSON_3e473e9d"
"S924","PERSON_8472b745"
"S925","PERSON_00ae65cb"
"S926","PERSON_a817232f"
"S927","PERSON_00ae65cb"
"S928","PERSON_f2bc355f"
"S929","PERSON_ba1bf016"
"S930","PERSON_2be36bc7"
"S931","PERSON_eadd1547"
"S932","PERSON_f475c1a5"
"S933","PERSON_e014ceef"
"S934","PERSON_23961870"
"S935","PERSON_ba1bf016"
"S936","PERSON_23961870"
"S937","PERSON_f8991942"
"S938","PERSON_a56b452f"
"S939","PERSON_b30750a9"
"S940","PERSON_88353bd6"
"S941","PERSON_1b38a7cf"
"S942","PERSON_c810be9d"
"S943","PERSON_88353bd6"
"S944","PERSON_93ab0a5d"
"S945","PERSON_e014ceef"
"S946","PERSON_db5da49f"
"S947","PERSON_a817232f"
"S948","PERSON_98d8713e"
"S949","PERSON_8a1497ea"
"S950","PERSON_f2bc355f"
"S951","PERSON_eadd1547"
"S952","PERSON_3e473e9d"
"S953","PERSON_f2bc355f"
"S954","PERSON_f8991942"
"S955","PERSON_98d8713e"
"S956","PERSON_f1caebf6"
"S957","PERSON_09ac4e03"
"S958","PERSON_93ab0a5d"
"S959","PERSON_09ac4e03"
"S960","PERSON_98d8713e"
"S961","PERSON_a817232f"
"S962","PERSON_3e473e9d"
"S963","PERSON_8a1497ea"
"S964","PERSON_a56b452f"
"S965","PERSON_b30750a9"
"S966","PERSON_2a5edb50"
"S967","PERSON_8472b745"
"S968","PERSON_a56b452f"
"S969","PERSON_c581195d"
"S970","PERSON_93ab0a5d"
"S971","PERSON_8472b745"
"S972","PERSON_00ae65cb"
"S973","PERSON_eadd1547"
"S974","PERSON_b9b18fc7"
"S975","PERSON_f2bc355f"
"S976","PERSON_f2bc355f"
"S977","PERSON_c810be9d"
"S978","PERSON_a817232f"
"S979","PERSON_db5da49f"
"S980","PERSON_f2bc355f"
"S981","PERSON_00ae65cb"
"S982","PERSON_88353bd6"
"S983","PERSON_2be36bc7"
"S984","PERSON_b30750a9"
"S985","PERSON_a56b452f"
"S986","PERSON_f475c1a5"
"S987","PERSON_1b38a7cf"
"S988","PERSON_1b38a7cf"
"S989","PERSON_00ae65cb"
"S990","PERSON_f8991942"
"S991","PERSON_a56b452f"
"S992","PERSON_eadd1547"
"S993","PERSON_b9b18fc7"
"S994","PERSON_8a1497ea"
"S995","PERSON_e014ceef"
"S996","PERSON_b30750a9"
"S997","PERSON_b30750a9"
"S998","PERSON_f2bc355f"
"S999","PERSON_09ac4e03"
"S1000","PERSON_a56b452f"
